ticker,name,sector,weight
NVDA,"NVIDIA CORP",Information Technology,6.66
AAPL,"APPLE INC",Information Technology,6.63
MSFT,"MICROSOFT CORP",Information Technology,4.10
AMZN,"AMAZON.COM INC",Consumer Discretionary,3.34
GOOGL,"ALPHABET INC CLASS A",Communication,2.84
AVGO,"BROADCOM INC",Information Technology,2.40
GOOG,"ALPHABET INC CLASS C",Communication,2.31
META,"META PLATFORMS INC CLASS A",Communication,2.01
TSLA,"TESLA INC",Consumer Discretionary,1.57
MU,"MICRON TECHNOLOGY INC",Information Technology,1.32
LLY,"ELI LILLY",Health Care,1.28
BRKB,"BERKSHIRE HATHAWAY INC CLASS B",Financials,1.26
JPM,"JPMORGAN CHASE & CO",Financials,1.26
AMD,"ADVANCED MICRO DEVICES INC",Information Technology,1.12
XOM,"EXXONMOBIL HOLDINGS CORP",Energy,0.84
JNJ,"JOHNSON & JOHNSON",Health Care,0.83
V,"VISA INC CLASS A",Financials,0.83
WMT,"WALMART INC",Consumer Staples,0.69
ABBV,"ABBVIE INC",Health Care,0.62
MA,"MASTERCARD INC CLASS A",Financials,0.61
AMAT,"APPLIED MATERIAL INC",Information Technology,0.61
CSCO,"CISCO SYSTEMS INC",Information Technology,0.60
INTC,"INTEL CORPORATION",Information Technology,0.58
COST,"COSTCO WHOLESALE CORP",Consumer Staples,0.58
BAC,"BANK OF AMERICA CORP",Financials,0.56
LRCX,"LAM RESEARCH CORP",Information Technology,0.55
CAT,"CATERPILLAR INC",Industrials,0.55
UNH,"UNITEDHEALTH GROUP INC",Health Care,0.53
GE,"GE AEROSPACE",Industrials,0.49
PG,"PROCTER & GAMBLE",Consumer Staples,0.49
HD,"HOME DEPOT INC",Consumer Discretionary,0.48
CVX,"CHEVRON CORP",Energy,0.47
KO,"COCA-COLA",Consumer Staples,0.45
GS,"GOLDMAN SACHS GROUP INC",Financials,0.43
MRK,"MERCK & CO INC",Health Care,0.43
NFLX,"NETFLIX INC",Communication,0.43
PLTR,"PALANTIR TECHNOLOGIES INC CLASS A",Information Technology,0.41
PM,"PHILIP MORRIS INTERNATIONAL INC",Consumer Staples,0.41
KLAC,"KLA CORP",Information Technology,0.39
PANW,"PALO ALTO NETWORKS INC",Information Technology,0.39
GEV,"GE VERNOVA INC",Industrials,0.38
WFC,"WELLS FARGO",Financials,0.37
TXN,"TEXAS INSTRUMENT INC",Information Technology,0.36
RTX,"RTX CORP",Industrials,0.36
MS,"MORGAN STANLEY",Financials,0.34
LIN,"LINDE PLC",Materials,0.33
C,"CITIGROUP INC",Financials,0.31
ORCL,"ORACLE CORP",Information Technology,0.29
IBM,"INTERNATIONAL BUSINESS MACHINES CO",Information Technology,0.28
SNDK,"SANDISK CORP",Information Technology,0.28
CRWD,"CROWDSTRIKE HOLDINGS INC CLASS A",Information Technology,0.28
TMO,"THERMO FISHER SCIENTIFIC INC",Health Care,0.28
AMGN,"AMGEN INC",Health Care,0.28
MCD,"MCDONALDS CORP",Consumer Discretionary,0.27
AXP,"AMERICAN EXPRESS",Financials,0.26
PEP,"PEPSICO INC",Consumer Staples,0.26
APH,"AMPHENOL CORP CLASS A",Information Technology,0.26
NEE,"NEXTERA ENERGY INC",Utilities,0.26
ADI,"ANALOG DEVICES INC",Information Technology,0.26
VZ,"VERIZON COMMUNICATIONS INC",Communication,0.25
QCOM,"QUALCOMM INC",Information Technology,0.25
UNP,"UNION PACIFIC CORP",Industrials,0.24
DIS,"WALT DISNEY",Communication,0.24
ANET,"ARISTA NETWORKS INC",Information Technology,0.24
ABT,"ABBOTT LABORATORIES",Health Care,0.24
TJX,"TJX INC",Consumer Discretionary,0.24
WELL,"WELLTOWER INC",Real Estate,0.23
GILD,"GILEAD SCIENCES INC",Health Care,0.23
SCHW,"CHARLES SCHWAB CORP",Financials,0.23
BLK,"BLACKROCK INC",Financials,0.23
MRVL,"MARVELL TECHNOLOGY INC",Information Technology,0.23
BA,"BOEING",Industrials,0.22
WDC,"WESTERN DIGITAL CORP",Information Technology,0.22
ETN,"EATON PLC",Industrials,0.21
T,"AT&T INC",Communication,0.20
DE,"DEERE",Industrials,0.20
UBER,"UBER TECHNOLOGIES INC",Industrials,0.20
PFE,"PFIZER INC",Health Care,0.20
BKNG,"BOOKING HOLDINGS INC",Consumer Discretionary,0.20
ISRG,"INTUITIVE SURGICAL INC",Health Care,0.20
PLD,"PROLOGIS REIT INC",Real Estate,0.19
COP,"CONOCOPHILLIPS",Energy,0.19
CRM,"SALESFORCE INC",Information Technology,0.19
CVS,"CVS HEALTH CORP",Health Care,0.19
SPGI,"S&P GLOBAL INC",Financials,0.19
COF,"CAPITAL ONE FINANCIAL CORP",Financials,0.18
DHR,"DANAHER CORP",Health Care,0.18
GLW,"CORNING INC",Information Technology,0.17
VRTX,"VERTEX PHARMACEUTICALS INC",Health Care,0.17
BMY,"BRISTOL MYERS SQUIBB",Health Care,0.17
SBUX,"STARBUCKS CORP",Consumer Discretionary,0.17
MO,"ALTRIA GROUP INC",Consumer Staples,0.17
PH,"PARKER-HANNIFIN CORP",Industrials,0.17
CB,"CHUBB",Financials,0.17
LOW,"LOWES COMPANIES INC",Consumer Discretionary,0.17
PGR,"PROGRESSIVE CORP",Financials,0.17
DELL,"DELL TECHNOLOGIES INC CLASS C",Information Technology,0.16
SYK,"STRYKER CORP",Health Care,0.16
VRT,"VERTIV HOLDINGS CLASS A",Industrials,0.15
BNY,"BANK OF NEW YORK MELLON CORP",Financials,0.15
SO,"SOUTHERN",Utilities,0.15
HWM,"HOWMET AEROSPACE INC",Industrials,0.15
MDT,"MEDTRONIC PLC",Health Care,0.15
NOW,"SERVICENOW INC",Information Technology,0.15
TT,"TRANE TECHNOLOGIES PLC",Industrials,0.14
LMT,"LOCKHEED MARTIN CORP",Industrials,0.14
APP,"APPLOVIN CORP CLASS A",Information Technology,0.14
MCK,"MCKESSON CORP",Health Care,0.14
ADP,"AUTOMATIC DATA PROCESSING INC",Industrials,0.14
PNC,"PNC FINANCIAL SERVICES GROUP INC",Financials,0.14
CDNS,"CADENCE DESIGN SYSTEMS INC",Information Technology,0.14
USB,"US BANCORP",Financials,0.14
EQIX,"EQUINIX REIT INC",Real Estate,0.14
DUK,"DUKE ENERGY CORP",Utilities,0.14
FTNT,"FORTINET INC",Information Technology,0.13
NEM,"NEWMONT",Materials,0.13
BX,"BLACKSTONE INC",Financials,0.13
ADBE,"ADOBE INC",Information Technology,0.13
CSX,"CSX CORP",Industrials,0.13
GD,"GENERAL DYNAMICS CORP",Industrials,0.13
PWR,"QUANTA SERVICES INC",Industrials,0.13
TMUS,"T MOBILE US INC",Communication,0.13
WMB,"WILLIAMS INC",Energy,0.13
SNOW,"SNOWFLAKE INC",Information Technology,0.12
WM,"WASTE MANAGEMENT INC",Industrials,0.12
MPC,"MARATHON PETROLEUM CORP",Energy,0.12
CMI,"CUMMINS INC",Industrials,0.12
VLO,"VALERO ENERGY CORP",Energy,0.12
CME,"CME GROUP INC CLASS A",Financials,0.12
ACN,"ACCENTURE PLC CLASS A",Information Technology,0.12
MRSH,"MARSH INC",Financials,0.12
UPS,"UNITED PARCEL SERVICE INC CLASS B",Industrials,0.12
JCI,"JOHNSON CONTROLS INTERNATIONAL PLC",Industrials,0.12
NET,"CLOUDFLARE INC CLASS A",Information Technology,0.12
DDOG,"DATADOG INC CLASS A",Information Technology,0.12
CMCSA,"COMCAST CORP CLASS A",Communication,0.12
MMM,"3M",Industrials,0.12
FCX,"FREEPORT MCMORAN INC",Materials,0.12
HOOD,"ROBINHOOD MARKETS INC CLASS A",Financials,0.11
ITW,"ILLINOIS TOOL INC",Industrials,0.11
PSX,"PHILLIPS 66",Energy,0.11
CEG,"CONSTELLATION ENERGY CORP",Utilities,0.11
MAR,"MARRIOTT INTERNATIONAL INC CLASS A",Consumer Discretionary,0.11
ELV,"ELEVANCE HEALTH INC",Health Care,0.11
INTU,"INTUIT INC",Information Technology,0.11
ICE,"INTERCONTINENTAL EXCHANGE INC",Financials,0.11
MDLZ,"MONDELEZ INTERNATIONAL INC CLASS A",Consumer Staples,0.11
AMT,"AMERICAN TOWER REIT CORP",Real Estate,0.11
SHW,"SHERWIN WILLIAMS",Materials,0.11
EMR,"EMERSON ELECTRIC",Industrials,0.11
MCO,"MOODYS CORP",Financials,0.11
SNPS,"SYNOPSYS INC",Information Technology,0.11
AON,"AON PLC CLASS A",Financials,0.11
NSC,"NORFOLK SOUTHERN CORP",Industrials,0.11
SPOT,"SPOTIFY TECHNOLOGY SA",Communication,0.10
CL,"COLGATE-PALMOLIVE",Consumer Staples,0.10
EOG,"EOG RESOURCES INC",Energy,0.10
CI,"CIGNA",Health Care,0.10
RCL,"ROYAL CARIBBEAN GROUP LTD",Consumer Discretionary,0.10
ROST,"ROSS STORES INC",Consumer Discretionary,0.10
SPG,"SIMON PROPERTY GROUP REIT INC",Real Estate,0.10
AEP,"AMERICAN ELECTRIC POWER INC",Utilities,0.10
HLT,"HILTON WORLDWIDE HOLDINGS INC",Consumer Discretionary,0.10
HON,"HONEYWELL INTERNATIONAL INC",Industrials,0.10
TRV,"TRAVELERS COMPANIES INC",Financials,0.10
ORLY,"OREILLY AUTOMOTIVE INC",Consumer Discretionary,0.10
CRH,"CRH PUBLIC LIMITED PLC",Materials,0.10
SLB,"SLB NV",Energy,0.10
CTAS,"CINTAS CORP",Industrials,0.10
KKR,"KKR AND CO INC",Financials,0.10
DASH,"DOORDASH INC CLASS A",Consumer Discretionary,0.10
GM,"GENERAL MOTORS",Consumer Discretionary,0.10
MNST,"MONSTER BEVERAGE CORP",Consumer Staples,0.10
FDX,"FEDEX CORP",Industrials,0.10
NOC,"NORTHROP GRUMMAN CORP",Industrials,0.10
SPCX,"SPACE EXPLORATION TECHNOLOGIES COR",Communication,0.10
TDG,"TRANSDIGM GROUP INC",Industrials,0.10
MSI,"MOTOROLA SOLUTIONS INC",Information Technology,0.10
ECL,"ECOLAB INC",Materials,0.09
REGN,"REGENERON PHARMACEUTICALS INC",Health Care,0.09
URI,"UNITED RENTALS INC",Industrials,0.09
TFC,"TRUIST FINANCIAL CORP",Financials,0.09
BSX,"BOSTON SCIENTIFIC CORP",Health Care,0.09
HONA,"HONEYWELL AEROSPACE INC",Industrials,0.09
WBD,"WARNER BROS. DISCOVERY INC SERIES",Communication,0.09
PCAR,"PACCAR INC",Industrials,0.09
APD,"AIR PRODUCTS AND CHEMICALS INC",Materials,0.09
AJG,"ARTHUR J GALLAGHER",Financials,0.09
KMI,"KINDER MORGAN INC",Energy,0.09
TGT,"TARGET CORP",Consumer Staples,0.09
D,"DOMINION ENERGY INC",Utilities,0.09
DLR,"DIGITAL REALTY TRUST REIT INC",Real Estate,0.09
ALL,"ALLSTATE CORP",Financials,0.09
MPWR,"MONOLITHIC POWER SYSTEMS INC",Information Technology,0.08
SRE,"SEMPRA",Utilities,0.08
ABNB,"AIRBNB INC CLASS A",Consumer Discretionary,0.08
O,"REALTY INCOME REIT CORP",Real Estate,0.08
GWW,"WW GRAINGER INC",Industrials,0.08
HPE,"HEWLETT PACKARD ENTERPRISE",Information Technology,0.08
TRGP,"TARGA RESOURCES CORP",Energy,0.08
OKE,"ONEOK INC",Energy,0.08
FIX,"COMFORT SYSTEMS USA INC",Industrials,0.08
CTVA,"CORTEVA INC",Materials,0.08
HCA,"HCA HEALTHCARE INC",Health Care,0.08
DAL,"DELTA AIR LINES INC",Industrials,0.08
COR,"CENCORA INC",Health Care,0.08
BKR,"BAKER HUGHES CLASS A",Energy,0.08
AFL,"AFLAC INC",Financials,0.08
BE,"BLOOM ENERGY CLASS A CORP",Industrials,0.08
F,"FORD MOTOR CO",Consumer Discretionary,0.08
CIEN,"CIENA CORP",Information Technology,0.08
AME,"AMETEK INC",Industrials,0.07
LNG,"CHENIERE ENERGY INC",Energy,0.07
CARR,"CARRIER GLOBAL CORP",Industrials,0.07
FITB,"FIFTH THIRD BANCORP",Financials,0.07
FAST,"FASTENAL",Industrials,0.07
LHX,"L3HARRIS TECHNOLOGIES INC",Industrials,0.07
CAH,"CARDINAL HEALTH INC",Health Care,0.07
KEYS,"KEYSIGHT TECHNOLOGIES INC",Information Technology,0.07
ROK,"ROCKWELL AUTOMATION INC",Industrials,0.07
ETR,"ENTERGY CORP",Utilities,0.07
NKE,"NIKE INC CLASS B",Consumer Discretionary,0.07
EA,"ELECTRONIC ARTS INC",Communication,0.07
APO,"APOLLO GLOBAL MANAGEMENT INC",Financials,0.07
NUE,"NUCOR CORP",Materials,0.07
VST,"VISTRA CORP",Utilities,0.07
PSA,"PUBLIC STORAGE REIT",Real Estate,0.07
PYPL,"PAYPAL HOLDINGS INC",Financials,0.07
MET,"METLIFE INC",Financials,0.07
TER,"TERADYNE INC",Information Technology,0.07
AZO,"AUTOZONE INC",Consumer Discretionary,0.07
LITE,"LUMENTUM HOLDINGS INC",Information Technology,0.07
EW,"EDWARDS LIFESCIENCES CORP",Health Care,0.07
XEL,"XCEL ENERGY INC",Utilities,0.07
STT,"STATE STREET CORP",Financials,0.07
COHR,"COHERENT CORP",Information Technology,0.07
EBAY,"EBAY INC",Consumer Discretionary,0.07
CVNA,"CARVANA CLASS A",Consumer Discretionary,0.07
AMP,"AMERIPRISE FINANCE INC",Financials,0.07
ALAB,"ASTERA LABS INC",Information Technology,0.07
DVN,"DEVON ENERGY CORP",Energy,0.07
EXC,"EXELON CORP",Utilities,0.07
NU,"NU HOLDINGS CLASS A",Financials,0.07
HUM,"HUMANA INC",Health Care,0.06
VTR,"VENTAS REIT INC",Real Estate,0.06
IDXX,"IDEXX LABORATORIES INC",Health Care,0.06
ADSK,"AUTODESK INC",Information Technology,0.06
BDX,"BECTON DICKINSON",Health Care,0.06
MSCI,"MSCI INC",Financials,0.06
RSG,"REPUBLIC SERVICES INC",Industrials,0.06
FERG,"FERGUSON ENTERPRISES INC",Industrials,0.06
WAB,"WESTINGHOUSE AIR BRAKE TECHNOLOGIE",Industrials,0.06
FLEX,"FLEX LTD",Information Technology,0.06
ODFL,"OLD DOMINION FREIGHT LINE INC",Industrials,0.06
TTWO,"TAKE TWO INTERACTIVE SOFTWARE INC",Communication,0.06
CMG,"CHIPOTLE MEXICAN GRILL INC",Consumer Discretionary,0.06
MCHP,"MICROCHIP TECHNOLOGY INC",Information Technology,0.06
XYZ,"BLOCK INC CLASS A",Financials,0.06
YUM,"YUM BRANDS INC",Consumer Discretionary,0.06
NDAQ,"NASDAQ INC",Financials,0.06
CBRE,"CBRE GROUP INC CLASS A",Real Estate,0.06
AXON,"AXON ENTERPRISE INC",Industrials,0.06
AIG,"AMERICAN INTERNATIONAL GROUP INC",Financials,0.06
ED,"CONSOLIDATED EDISON INC",Utilities,0.06
PRU,"PRUDENTIAL FINANCIAL INC",Financials,0.06
GRMN,"GARMIN LTD",Consumer Discretionary,0.06
KDP,"KEURIG DR PEPPER INC",Consumer Staples,0.06
IBKR,"INTERACTIVE BROKERS GROUP INC CLAS",Financials,0.06
ADM,"ARCHER DANIELS MIDLAND",Consumer Staples,0.05
PEG,"PUBLIC SERVICE ENTERPRISE GROUP IN",Utilities,0.05
SYY,"SYSCO CORP",Consumer Staples,0.05
OXY,"OCCIDENTAL PETROLEUM CORP",Energy,0.05
DHI,"D R HORTON INC",Consumer Discretionary,0.05
UAL,"UNITED AIRLINES HOLDINGS INC",Industrials,0.05
A,"AGILENT TECHNOLOGIES INC",Health Care,0.05
PCG,"PG&E CORP",Utilities,0.05
AU,"ANGLOGOLD ASHANTI PLC",Materials,0.05
VMC,"VULCAN MATERIALS",Materials,0.05
ALNY,"ALNYLAM PHARMACEUTICALS INC",Health Care,0.05
HIG,"HARTFORD INSURANCE GROUP INC",Financials,0.05
HBAN,"HUNTINGTON BANCSHARES INC",Financials,0.05
WEC,"WEC ENERGY GROUP INC",Utilities,0.05
MTB,"M&T BANK CORP",Financials,0.05
ROP,"ROPER TECHNOLOGIES INC",Information Technology,0.05
WAT,"WATERS CORP",Health Care,0.05
PAYX,"PAYCHEX INC",Industrials,0.05
NTRA,"NATERA INC",Health Care,0.05
FANG,"DIAMONDBACK ENERGY INC",Energy,0.05
KVUE,"KENVUE INC",Consumer Staples,0.05
RKLB,"ROCKET LAB CORP",Industrials,0.05
KMB,"KIMBERLY CLARK CORP",Consumer Staples,0.05
IRM,"IRON MOUNTAIN INC",Real Estate,0.05
IQV,"IQVIA HOLDINGS INC",Health Care,0.05
NTRS,"NORTHERN TRUST CORP",Financials,0.05
COIN,"COINBASE GLOBAL INC CLASS A",Financials,0.05
ACGL,"ARCH CAPITAL GROUP LTD",Financials,0.05
ON,"ON SEMICONDUCTOR CORP",Information Technology,0.05
MLM,"MARTIN MARIETTA MATERIALS INC",Materials,0.05
CCL,"CARNIVAL CORP LTD",Consumer Discretionary,0.05
RBLX,"ROBLOX CORP CLASS A",Communication,0.05
RVMD,"REVOLUTION MEDICINES INC",Health Care,0.05
CRDO,"CREDO TECHNOLOGY GROUP HOLDING LTD",Information Technology,0.05
CCI,"CROWN CASTLE INC",Real Estate,0.05
EME,"EMCOR GROUP INC",Industrials,0.05
IR,"INGERSOLL RAND INC",Industrials,0.05
KR,"KROGER",Consumer Staples,0.04
ZTS,"ZOETIS INC CLASS A",Health Care,0.04
JBL,"JABIL INC",Information Technology,0.04
EXR,"EXTRA SPACE STORAGE REIT INC",Real Estate,0.04
STLD,"STEEL DYNAMICS INC",Materials,0.04
CFG,"CITIZENS FINANCIAL GROUP INC",Financials,0.04
NTAP,"NETAPP INC",Information Technology,0.04
CNC,"CENTENE CORP",Health Care,0.04
AEE,"AMEREN CORP",Utilities,0.04
DTE,"DTE ENERGY",Utilities,0.04
EXPE,"EXPEDIA GROUP INC",Consumer Discretionary,0.04
MSTR,"STRATEGY INC CLASS A",Information Technology,0.04
BIIB,"BIOGEN INC",Health Care,0.04
TWLO,"TWILIO INC CLASS A",Information Technology,0.04
RJF,"RAYMOND JAMES INC",Financials,0.04
SUNB,"SUNBELT RENTALS HOLDINGS INC",Industrials,0.04
CASY,"CASEYS GENERAL STORES INC",Consumer Staples,0.04
GEHC,"GE HEALTHCARE TECHNOLOGIES INC",Health Care,0.04
WDAY,"WORKDAY INC CLASS A",Information Technology,0.04
EIX,"EDISON INTERNATIONAL",Utilities,0.04
EQT,"EQT CORP",Energy,0.04
VICI,"VICI PPTYS INC",Real Estate,0.04
RMD,"RESMED INC",Health Care,0.04
XYL,"XYLEM INC",Industrials,0.04
DXCM,"DEXCOM INC",Health Care,0.04
ATO,"ATMOS ENERGY CORP",Utilities,0.04
VEEV,"VEEVA SYSTEMS INC CLASS A",Health Care,0.04
TDY,"TELEDYNE TECHNOLOGIES INC",Information Technology,0.04
HAL,"HALLIBURTON",Energy,0.04
ILMN,"ILLUMINA INC",Health Care,0.04
TPR,"TAPESTRY INC",Consumer Discretionary,0.04
DOV,"DOVER CORP",Industrials,0.04
FTI,"TECHNIPFMC PLC",Energy,0.04
CBOE,"CBOE GLOBAL MARKETS INC",Financials,0.04
OTIS,"OTIS WORLDWIDE CORP",Industrials,0.04
ES,"EVERSOURCE ENERGY",Utilities,0.04
CNP,"CENTERPOINT ENERGY INC",Utilities,0.04
Q,"QNITY ELECTRONICS INC",Information Technology,0.04
LYV,"LIVE NATION ENTERTAINMENT INC",Communication,0.04
WTW,"WILLIS TOWERS WATSON PLC",Financials,0.04
RF,"REGIONS FINANCIAL CORP",Financials,0.04
DG,"DOLLAR GENERAL CORP",Consumer Staples,0.04
FICO,"FAIR ISAAC CORP",Information Technology,0.04
AVB,"AVALONBAY COMMUNITIES REIT INC",Real Estate,0.04
FISV,"FISERV INC",Financials,0.04
PPL,"PPL CORP",Utilities,0.04
NRG,"NRG ENERGY INC",Utilities,0.04
CW,"CURTISS WRIGHT CORP",Industrials,0.04
CINF,"CINCINNATI FINANCIAL CORP",Financials,0.04
CRS,"CARPENTER TECHNOLOGY CORP",Industrials,0.04
FE,"FIRSTENERGY CORP",Utilities,0.04
MTD,"METTLER TOLEDO INC",Health Care,0.04
EQR,"EQUITY RESIDENTIAL REIT",Real Estate,0.04
PPG,"PPG INDUSTRIES INC",Materials,0.04
VRSK,"VERISK ANALYTICS INC",Industrials,0.04
WSM,"WILLIAMS SONOMA INC",Consumer Discretionary,0.04
LPLA,"LPL FINANCIAL HOLDINGS INC",Financials,0.04
AWK,"AMERICAN WATER WORKS INC",Utilities,0.04
MDB,"MONGODB INC CLASS A",Information Technology,0.04
QSR,"RESTAURANTS BRANDS INTERNATIONAL I",Consumer Discretionary,0.04
HUBB,"HUBBELL INC",Industrials,0.03
CRWV,"COREWEAVE INC CLASS A",Information Technology,0.03
WST,"WEST PHARMACEUTICAL SERVICES INC",Health Care,0.03
HSY,"HERSHEY FOODS",Consumer Staples,0.03
TPL,"TEXAS PACIFIC LAND CORP",Energy,0.03
CPRT,"COPART INC",Industrials,0.03
ATI,"ATI INC",Industrials,0.03
TROW,"T ROWE PRICE GROUP INC",Financials,0.03
OKTA,"OKTA INC CLASS A",Information Technology,0.03
SYF,"SYNCHRONY FINANCIAL",Financials,0.03
XPO,"XPO INC",Industrials,0.03
RDDT,"REDDIT INC CLASS A",Communication,0.03
ARES,"ARES MANAGEMENT CORP CLASS A",Financials,0.03
ZM,"ZOOM COMMUNICATIONS INC CLASS A",Information Technology,0.03
NVT,"NVENT ELECTRIC PLC",Industrials,0.03
CHRW,"CH ROBINSON WORLDWIDE INC",Industrials,0.03
PHM,"PULTEGROUP INC",Consumer Discretionary,0.03
MKL,"MARKEL GROUP INC",Financials,0.03
PFG,"PRINCIPAL FINANCIAL GROUP INC",Financials,0.03
RPRX,"ROYALTY PHARMA PLC CLASS A",Health Care,0.03
DLTR,"DOLLAR TREE INC",Consumer Staples,0.03
OMC,"OMNICOM GROUP INC",Communication,0.03
CHD,"CHURCH AND DWIGHT INC",Consumer Staples,0.03
EXPD,"EXPEDITORS INTERNATIONAL OF WASHIN",Industrials,0.03
CPAY,"CORPAY INC",Financials,0.03
WWD,"WOODWARD INC",Industrials,0.03
VLTO,"VERALTO CORP",Industrials,0.03
MRNA,"MODERNA INC",Health Care,0.03
INSM,"INSMED INC",Health Care,0.03
SW,"SMURFIT WESTROCK PLC",Materials,0.03
LH,"LABCORP HOLDINGS INC",Health Care,0.03
DGX,"QUEST DIAGNOSTICS INC",Health Care,0.03
FFIV,"F5 INC",Information Technology,0.03
DRI,"DARDEN RESTAURANTS INC",Consumer Discretionary,0.03
CMS,"CMS ENERGY CORP",Utilities,0.03
LUV,"SOUTHWEST AIRLINES",Industrials,0.03
UTHR,"UNITED THERAPEUTICS CORP",Health Care,0.03
AFRM,"AFFIRM HOLDINGS INC CLASS A",Financials,0.03
JBHT,"JB HUNT TRANSPORT SERVICES INC",Industrials,0.03
VRSN,"VERISIGN INC",Information Technology,0.03
KHC,"KRAFT HEINZ",Consumer Staples,0.03
NI,"NISOURCE INC",Utilities,0.03
FIS,"FIDELITY NATIONAL INFORMATION SERV",Financials,0.03
MKSI,"MKS",Information Technology,0.03
USFD,"US FOODS HOLDING CORP",Consumer Staples,0.03
KEY,"KEYCORP",Financials,0.03
BURL,"BURLINGTON STORES INC",Consumer Discretionary,0.03
HPQ,"HP INC",Information Technology,0.03
SOFI,"SOFI TECHNOLOGIES INC",Financials,0.03
P,"EVERPURE INC CLASS A",Information Technology,0.03
STE,"STERIS",Health Care,0.03
CTSH,"COGNIZANT TECHNOLOGY SOLUTIONS COR",Information Technology,0.03
SNA,"SNAP ON INC",Industrials,0.03
FSLR,"FIRST SOLAR INC",Information Technology,0.03
MTZ,"MASTEC INC",Industrials,0.03
EFX,"EQUIFAX INC",Industrials,0.03
FWONK,"LIBERTY MEDIA FORMULA ONE SERIES C",Communication,0.03
RBA,"RB GLOBAL INC",Industrials,0.03
CPNG,"COUPANG INC CLASS A",Consumer Discretionary,0.03
FTAI,"FTAI AVIATION LTD",Industrials,0.03
ULTA,"ULTA BEAUTY INC",Consumer Discretionary,0.03
GIS,"GENERAL MILLS INC",Consumer Staples,0.03
DOW,"DOW INC",Materials,0.03
RS,"RELIANCE STEEL & ALUMINUM",Materials,0.03
AMCR,"AMCOR PLC",Materials,0.03
PKG,"PACKAGING CORP OF AMERICA",Materials,0.03
EL,"ESTEE LAUDER INC CLASS A",Consumer Staples,0.03
BRO,"BROWN & BROWN INC",Financials,0.03
EXE,"EXPAND ENERGY CORP",Energy,0.03
ENTG,"ENTEGRIS INC",Information Technology,0.03
EVRG,"EVERGY INC",Utilities,0.03
LNT,"ALLIANT ENERGY CORP",Utilities,0.03
VTRS,"VIATRIS INC",Health Care,0.03
IP,"INTERNATIONAL PAPER",Materials,0.03
IFF,"INTERNATIONAL FLAVORS & FRAGRANCES",Materials,0.03
GH,"GUARDANT HEALTH INC",Health Care,0.03
SBAC,"SBA COMMUNICATIONS REIT CORP CLASS",Real Estate,0.03
L,"LOEWS CORP",Financials,0.03
INCY,"INCYTE CORP",Health Care,0.03
ESS,"ESSEX PROPERTY TRUST REIT INC",Real Estate,0.03
STRL,"STERLING INFRASTRUCTURE INC",Industrials,0.03
FTV,"FORTIVE CORP",Industrials,0.03
EWBC,"EAST WEST BANCORP INC",Financials,0.03
ROKU,"ROKU INC CLASS A",Communication,0.03
HEIA,"HEICO CORP CLASS A",Industrials,0.03
STZ,"CONSTELLATION BRANDS INC CLASS A",Consumer Staples,0.03
DD,"DUPONT DE NEMOURS INC",Materials,0.03
SNX,"TD SYNNEX CORP",Information Technology,0.03
ZBH,"ZIMMER BIOMET HOLDINGS INC",Health Care,0.03
INVH,"INVITATION HOMES INC",Real Estate,0.03
GPN,"GLOBAL PAYMENTS INC",Financials,0.03
MDLN,"MEDLINE INC CLASS A",Health Care,0.03
MTSI,"MACOM TECHNOLOGY SOLUTIONS INC",Information Technology,0.03
CF,"CF INDUSTRIES HOLDINGS INC",Materials,0.03
BAM,"BROOKFIELD ASSET MANAGEMENT VOTING",Financials,0.02
BR,"BROADRIDGE FINANCIAL SOLUTIONS INC",Industrials,0.02
RBC,"RBC BEARINGS INC",Industrials,0.02
WY,"WEYERHAEUSER REIT",Real Estate,0.02
LEN,"LENNAR A CORP CLASS A",Consumer Discretionary,0.02
LII,"LENNOX INTERNATIONAL INC",Industrials,0.02
KIM,"KIMCO REALTY REIT CORP",Real Estate,0.02
NVR,"NVR INC",Consumer Discretionary,0.02
CDW,"CDW CORP",Information Technology,0.02
GPC,"GENUINE PARTS",Consumer Discretionary,0.02
ITT,"ITT INC",Industrials,0.02
THC,"TENET HEALTHCARE CORP",Health Care,0.02
IEX,"IDEX CORP",Industrials,0.02
FCNCA,"FIRST CITIZENS BANCSHARES INC CLAS",Financials,0.02
BALL,"BALL CORP",Materials,0.02
VIK,"VIKING HOLDINGS",Consumer Discretionary,0.02
LSCC,"LATTICE SEMICONDUCTOR CORP",Information Technology,0.02
PFGC,"PERFORMANCE FOOD GROUP",Consumer Staples,0.02
NBIX,"NEUROCRINE BIOSCIENCES INC",Health Care,0.02
AKAM,"AKAMAI TECHNOLOGIES INC",Information Technology,0.02
NLY,"ANNALY CAPITAL MANAGEMENT REIT INC",Financials,0.02
FN,"FABRINET",Information Technology,0.02
TLN,"TALEN ENERGY CORP",Utilities,0.02
ROIV,"ROIVANT SCIENCES LTD",Health Care,0.02
HST,"HOST HOTELS & RESORTS REIT INC",Real Estate,0.02
TSCO,"TRACTOR SUPPLY",Consumer Discretionary,0.02
FDXF,"FEDEX FREIGHT HOLDING COMPANY INC",Industrials,0.02
BBY,"BEST BUY INC",Consumer Discretionary,0.02
WPC,"W. P. CAREY REIT INC",Real Estate,0.02
TXT,"TEXTRON INC",Industrials,0.02
TSN,"TYSON FOODS INC CLASS A",Consumer Staples,0.02
OVV,"OVINTIV INC",Energy,0.02
RGLD,"ROYAL GOLD INC",Materials,0.02
SCCO,"SOUTHERN COPPER CORP",Materials,0.02
MAS,"MASCO CORP",Industrials,0.02
JLL,"JONES LANG LASALLE INC",Real Estate,0.02
J,"JACOBS SOLUTIONS INC",Industrials,0.02
DECK,"DECKERS OUTDOOR CORP",Consumer Discretionary,0.02
NDSN,"NORDSON CORP",Industrials,0.02
RGA,"REINSURANCE GROUP OF AMERICA INC",Financials,0.02
WRB,"WR BERKLEY CORP",Financials,0.02
DOC,"HEALTHPEAK PROPERTIES INC",Real Estate,0.02
BWXT,"BWX TECHNOLOGIES INC",Industrials,0.02
TRU,"TRANSUNION",Industrials,0.02
CLH,"CLEAN HARBORS INC",Industrials,0.02
MAA,"MID AMERICA APARTMENT COMMUNITIES",Real Estate,0.02
WCC,"WESCO INTERNATIONAL INC",Industrials,0.02
PR,"PERMIAN RESOURCES CORP CLASS A",Energy,0.02
PNFP,"PINNACLE FINANCIAL PARTNERS INC",Financials,0.02
BG,"BUNGE GLOBAL SA",Consumer Staples,0.02
TEAM,"ATLASSIAN CORP CLASS A",Information Technology,0.02
NXT,"NEXTPOWER INC CLASS A",Industrials,0.02
FLUT,"FLUTTER ENTERTAINMENT PLC",Consumer Discretionary,0.02
ZS,"ZSCALER INC",Information Technology,0.02
RIVN,"RIVIAN AUTOMOTIVE INC CLASS A",Consumer Discretionary,0.02
SGI,"SOMNIGROUP INTERNATIONAL INC",Consumer Discretionary,0.02
RL,"RALPH LAUREN CORP CLASS A",Consumer Discretionary,0.02
PTC,"PTC INC",Information Technology,0.02
SSNC,"SS AND C TECHNOLOGIES HOLDINGS INC",Industrials,0.02
CDE,"COEUR MINING INC",Materials,0.02
LYB,"LYONDELLBASELL INDUSTRIES CLASS A",Materials,0.02
APG,"API GROUP CORP",Industrials,0.02
SUI,"SUN COMMUNITIES REIT INC",Real Estate,0.02
TOL,"TOLL BROTHERS INC",Consumer Discretionary,0.02
ARMK,"ARAMARK",Consumer Discretionary,0.02
REG,"REGENCY CENTERS REIT CORP",Real Estate,0.02
COO,"COOPER INC",Health Care,0.02
GEN,"GEN DIGITAL INC",Information Technology,0.02
EG,"EVEREST GROUP LTD",Financials,0.02
HEI,"HEICO CORP",Industrials,0.02
DTM,"DT MIDSTREAM INC",Energy,0.02
LECO,"LINCOLN ELECTRIC HOLDINGS INC",Industrials,0.02
GL,"GLOBE LIFE INC",Financials,0.02
QXO,"QXO INC",Industrials,0.02
OHI,"OMEGA HEALTHCARE INVESTORS REIT IN",Real Estate,0.02
ALB,"ALBEMARLE CORP",Materials,0.02
DKS,"DICKS SPORTING INC",Consumer Discretionary,0.02
RKT,"ROCKET COMPANIES INC CLASS A",Financials,0.02
UNM,"UNUM",Financials,0.02
JAZZ,"JAZZ PHARMACEUTICALS PLC",Health Care,0.02
LAMR,"LAMAR ADVERTISING COMPANY  CLAS",Real Estate,0.02
CSL,"CARLISLE COMPANIES INC",Industrials,0.02
ONTO,"ONTO INNOVATION INC",Information Technology,0.02
NTNX,"NUTANIX INC CLASS A",Information Technology,0.02
ASTS,"AST SPACEMOBILE INC CLASS A",Communication,0.02
AIZ,"ASSURANT INC",Financials,0.02
EQH,"EQUITABLE HOLDINGS INC",Financials,0.02
TOST,"TOAST INC CLASS A",Financials,0.02
DINO,"HF SINCLAIR CORP",Energy,0.02
SWK,"STANLEY BLACK & DECKER INC",Industrials,0.02
EXEL,"EXELIXIS INC",Health Care,0.02
TYL,"TYLER TECHNOLOGIES INC",Information Technology,0.02
LDOS,"LEIDOS HOLDINGS INC",Industrials,0.02
RPM,"RPM INTERNATIONAL INC",Materials,0.02
RRX,"REGAL REXNORD CORP",Industrials,0.02
SMCI,"SUPER MICRO COMPUTER INC",Information Technology,0.02
CCK,"CROWN HOLDINGS INC",Materials,0.02
ROL,"ROLLINS INC",Industrials,0.02
BBIO,"BRIDGEBIO PHARMA INC",Health Care,0.02
TXRH,"TEXAS ROADHOUSE INC",Consumer Discretionary,0.02
BWA,"BORGWARNER INC",Consumer Discretionary,0.02
MKC,"MCCORMICK & CO NON-VOTING INC",Consumer Staples,0.02
FNF,"FIDELITY NATIONAL FINANCIAL INC",Financials,0.02
ZBRA,"ZEBRA TECHNOLOGIES CORP CLASS A",Information Technology,0.02
UDR,"UDR REIT INC",Real Estate,0.02
WSO,"WATSCO INC",Industrials,0.02
PNW,"PINNACLE WEST CORP",Utilities,0.02
DT,"DYNATRACE INC",Information Technology,0.02
TTMI,"TTM TECHNOLOGIES INC",Information Technology,0.02
GDDY,"GODADDY INC CLASS A",Information Technology,0.02
TRMB,"TRIMBLE INC",Information Technology,0.02
RNR,"RENAISSANCERE HOLDING LTD",Financials,0.02
ASND,"ASCENDIS PHARMA",Health Care,0.02
EVR,"EVERCORE INC CLASS A",Financials,0.02
IONQ,"IONQ INC",Information Technology,0.02
IOT,"SAMSARA INC CLASS A",Information Technology,0.02
CSGP,"COSTAR GROUP INC",Real Estate,0.02
APTV,"APTIV PLC",Consumer Discretionary,0.02
MLI,"MUELLER INDUSTRIES INC",Industrials,0.02
SITM,"SITIME CORP",Information Technology,0.02
SN,"SHARKNINJA INC",Consumer Discretionary,0.02
FHN,"FIRST HORIZON CORP",Financials,0.02
ELS,"EQUITY LIFESTYLE PROPERTIES REIT I",Real Estate,0.02
AGNC,"AGNC INVESTMENT REIT CORP",Financials,0.02
ELAN,"ELANCO ANIMAL HEALTH INC",Health Care,0.02
GGG,"GRACO INC",Industrials,0.02
ALLY,"ALLY FINANCIAL INC",Financials,0.02
LVS,"LAS VEGAS SANDS CORP",Consumer Discretionary,0.02
AVY,"AVERY DENNISON CORP",Materials,0.02
ECHO,"ECHOSTAR CORP CLASS A",Communication,0.02
NYT,"NEW YORK TIMES CLASS A",Communication,0.02
GNRC,"GENERAC HOLDINGS INC",Industrials,0.02
GWRE,"GUIDEWIRE SOFTWARE INC",Information Technology,0.02
WBS,"WEBSTER FINANCIAL CORP",Financials,0.02
LULU,"LULULEMON ATHLETICA INC",Consumer Discretionary,0.02
RVTY,"REVVITY INC",Health Care,0.02
AIT,"APPLIED INDUSTRIAL TECHNOLOGIES IN",Industrials,0.02
PEN,"PENUMBRA INC",Health Care,0.02
MEDP,"MEDPACE HOLDINGS INC",Health Care,0.02
AA,"ALCOA CORP",Materials,0.02
BJ,"BJS WHOLESALE CLUB HOLDINGS INC",Consumer Staples,0.02
ALGN,"ALIGN TECHNOLOGY INC",Health Care,0.02
CLX,"CLOROX",Consumer Staples,0.02
CG,"CARLYLE GROUP INC",Financials,0.02
KNX,"KNIGHT-SWIFT TRANSPORTATION HOLDIN",Industrials,0.02
SMTC,"SEMTECH CORP",Information Technology,0.02
GLPI,"GAMING AND LEISURE PROPERTIES REIT",Real Estate,0.02
DY,"DYCOM INDUSTRIES INC",Industrials,0.02
SF,"STIFEL FINANCIAL CORP",Financials,0.02
MOD,"MODINE MANUFACTURING",Industrials,0.02
SOLV,"SOLVENTUM CORP",Health Care,0.02
APA,"APA CORP",Energy,0.02
MOH,"MOLINA HEALTHCARE INC",Health Care,0.02
ALLE,"ALLEGION PLC",Industrials,0.02
TW,"TRADEWEB MARKETS INC CLASS A",Financials,0.02
DKNG,"DRAFTKINGS INC CLASS A",Consumer Discretionary,0.02
BAX,"BAXTER INTERNATIONAL INC",Health Care,0.02
CRL,"CHARLES RIVER LABORATORIES INTERNA",Health Care,0.02
EGP,"EASTGROUP PROPERTIES REIT INC",Real Estate,0.02
PODD,"INSULET CORP",Health Care,0.02
RBRK,"RUBRIK INC CLASS A",Information Technology,0.02
SJM,"JM SMUCKER",Consumer Staples,0.02
SAIA,"SAIA INC",Industrials,0.02
BPOP,"POPULAR INC",Financials,0.02
OC,"OWENS CORNING",Industrials,0.02
HAS,"HASBRO INC",Consumer Discretionary,0.02
JKHY,"JACK HENRY AND ASSOCIATES INC",Financials,0.02
EHC,"ENCOMPASS HEALTH CORP",Health Care,0.02
TKO,"TKO GROUP HOLDINGS INC CLASS A",Communication,0.02
HUBS,"HUBSPOT INC",Information Technology,0.02
SCI,"SERVICE",Consumer Discretionary,0.02
IVZ,"INVESCO LTD",Financials,0.02
AMH,"AMERICAN HOMES  RENT REIT CLASS A",Real Estate,0.02
PINS,"PINTEREST INC CLASS A",Communication,0.02
CPT,"CAMDEN PROPERTY TRUST REIT",Real Estate,0.02
TECH,"BIO TECHNE CORP",Health Care,0.02
IREN,"IREN LTD",Information Technology,0.02
BMRN,"BIOMARIN PHARMACEUTICAL INC",Health Care,0.02
CHTR,"CHARTER COMMUNICATIONS INC CLASS A",Communication,0.02
FOXA,"FOX CORP CLASS A",Communication,0.02
NWSA,"NEWS CORP CLASS A",Communication,0.02
DCI,"DONALDSON INC",Industrials,0.02
CR,"CRANE",Industrials,0.02
RMBS,"RAMBUS INC",Information Technology,0.02
BXP,"BXP INC",Real Estate,0.02
MOGA,"MOOG INC CLASS A",Industrials,0.02
ARW,"ARROW ELECTRONICS INC",Information Technology,0.02
AHR,"AMERICAN HEALTHCARE REIT INC",Real Estate,0.02
AYI,"ACUITY INC",Industrials,0.01
U,"UNITY SOFTWARE INC",Information Technology,0.01
WTRG,"ESSENTIAL UTILITIES INC",Utilities,0.01
BTSG,"BRIGHTSPRING HEALTH SERVICES INC",Health Care,0.01
PNR,"PENTAIR",Industrials,0.01
CGNX,"COGNEX CORP",Information Technology,0.01
CRCL,"CIRCLE INTERNET GROUP INC CLASS A",Information Technology,0.01
WMS,"ADVANCED DRAINAGE SYSTEMS INC",Industrials,0.01
FIVE,"FIVE BELOW INC",Consumer Discretionary,0.01
UMBF,"UMB FINANCIAL CORP",Financials,0.01
ZION,"ZIONS BANCORPORATION",Financials,0.01
AEIS,"ADVANCED ENERGY INDUSTRIES INC",Information Technology,0.01
DOCU,"DOCUSIGN INC",Information Technology,0.01
WTFC,"WINTRUST FINANCIAL CORP",Financials,0.01
CYTK,"CYTOKINETICS INC",Health Care,0.01
HII,"HUNTINGTON INGALLS INDUSTRIES INC",Industrials,0.01
FRT,"FEDERAL REALTY INVESTMENT TRUST RE",Real Estate,0.01
CACI,"CACI INTERNATIONAL INC CLASS A",Industrials,0.01
DPZ,"DOMINOS PIZZA INC",Consumer Discretionary,0.01
PRI,"PRIMERICA INC",Financials,0.01
SANM,"SANMINA CORP",Information Technology,0.01
SSB,"SOUTHSTATE BANK CORP",Financials,0.01
COKE,"COCA COLA CONSOLIDATED INC",Consumer Staples,0.01
AES,"AES CORP",Utilities,0.01
GFL,"GFL ENVIRONMENTAL SUBORDINATE VOTI",Industrials,0.01
SPXC,"SPX TECHNOLOGIES INC",Industrials,0.01
COLB,"COLUMBIA BANKING SYSTEM INC",Financials,0.01
R,"RYDER SYSTEM INC",Industrials,0.01
VMI,"VALMONT INDS INC",Industrials,0.01
MUSA,"MURPHY USA INC",Consumer Discretionary,0.01
AAL,"AMERICAN AIRLINES GROUP INC",Industrials,0.01
OGE,"OGE ENERGY CORP",Utilities,0.01
FDS,"FACTSET RESEARCH SYSTEMS INC",Financials,0.01
SEIC,"SEI INVESTMENTS",Financials,0.01
MANH,"MANHATTAN ASSOCIATES INC",Information Technology,0.01
IT,"GARTNER INC",Information Technology,0.01
ALSN,"ALLISON TRANSMISSION HOLDINGS INC",Industrials,0.01
MDGL,"MADRIGAL PHARMACEUTICALS INC",Health Care,0.01
CFR,"CULLEN FROST BANKERS INC",Financials,0.01
AXSM,"AXSOME THERAPEUTICS INC",Health Care,0.01
VOYA,"VOYA FINANCIAL INC",Financials,0.01
ORI,"OLD REPUBLIC INTERNATIONAL CORP",Financials,0.01
BRX,"BRIXMOR PROPERTY GROUP REIT INC",Real Estate,0.01
DAR,"DARLING INGREDIENTS INC",Consumer Staples,0.01
ENSG,"ENSIGN GROUP INC",Health Care,0.01
ADC,"AGREE REALTY REIT CORP",Real Estate,0.01
AR,"ANTERO RESOURCES CORP",Energy,0.01
AMG,"AFFILIATED MANAGERS GROUP INC",Financials,0.01
HALO,"HALOZYME THERAPEUTICS INC",Health Care,0.01
MTCH,"MATCH GROUP INC",Communication,0.01
DOCN,"DIGITALOCEAN HOLDINGS INC",Information Technology,0.01
LFUS,"LITTELFUSE INC",Information Technology,0.01
ONB,"OLD NATIONAL BANCORP",Financials,0.01
CTRE,"CARETRUST REIT INC",Real Estate,0.01
ARWR,"ARROWHEAD PHARMACEUTICALS INC",Health Care,0.01
TTC,"TORO",Industrials,0.01
ACM,"AECOM",Industrials,0.01
WTS,"WATTS WATER TECHNOLOGIES INC CLASS",Industrials,0.01
SOLS,"SOLSTICE ADVANCED MATERIALS INC",Materials,0.01
QGEN,"QIAGEN NV",Health Care,0.01
CUBE,"CUBESMART REIT",Real Estate,0.01
CNH,"CNH INDUSTRIAL N.V. NV",Industrials,0.01
AFG,"AMERICAN FINANCIAL GROUP INC",Financials,0.01
FROG,"JFROG LTD",Information Technology,0.01
FLS,"FLOWSERVE CORP",Industrials,0.01
OSK,"OSHKOSH CORP",Industrials,0.01
HL,"HECLA MINING",Materials,0.01
IONS,"IONIS PHARMACEUTICALS INC",Health Care,0.01
GMED,"GLOBUS MEDICAL INC CLASS A",Health Care,0.01
NNN,"NNN REIT INC",Real Estate,0.01
W,"WAYFAIR INC CLASS A",Consumer Discretionary,0.01
BEN,"FRANKLIN RESOURCES INC",Financials,0.01
KMX,"CARMAX INC",Consumer Discretionary,0.01
GME,"GAMESTOP CORP CLASS A",Consumer Discretionary,0.01
REXR,"REXFORD INDUSTRIAL REALTY REIT INC",Real Estate,0.01
WAL,"WESTERN ALLIANCE",Financials,0.01
HUT,"HUT  CORP",Information Technology,0.01
FR,"FIRST INDUSTRIAL REALTY TRUST INC",Real Estate,0.01
SWKS,"SKYWORKS SOLUTIONS INC",Information Technology,0.01
CNM,"CORE & MAIN INC CLASS A",Industrials,0.01
AXS,"AXIS CAPITAL HOLDINGS LTD",Financials,0.01
ATR,"APTARGROUP INC",Materials,0.01
FCFS,"FIRSTCASH HOLDINGS INC",Financials,0.01
MGM,"MGM RESORTS INTERNATIONAL",Consumer Discretionary,0.01
HSIC,"HENRY SCHEIN INC",Health Care,0.01
BMNR,"BITMINE IMMERSION TECHNOLOGIES INC",Information Technology,0.01
TIGO,"MILLICOM INTERNATIONAL CELLULAR SA",Communication,0.01
VIAV,"VIAVI SOLUTIONS INC",Information Technology,0.01
GKOS,"GLAUKOS CORP",Health Care,0.01
BLDR,"BUILDERS FIRSTSOURCE INC",Industrials,0.01
TKR,"TIMKEN",Industrials,0.01
TTD,"TRADE DESK INC CLASS A",Communication,0.01
TTEK,"TETRA TECH INC",Industrials,0.01
JEF,"JEFFERIES FINANCIAL GROUP INC",Financials,0.01
ARE,"ALEXANDRIA REAL ESTATE EQUITIES RE",Real Estate,0.01
HQY,"HEALTHEQUITY INC",Health Care,0.01
KRYS,"KRYSTAL BIOTECH INC",Health Care,0.01
NCLH,"NORWEGIAN CRUISE LINE HOLDINGS LTD",Consumer Discretionary,0.01
RRC,"RANGE RESOURCES CORP",Energy,0.01
KTOS,"KRATOS DEFENSE AND SECURITY SOLUTI",Industrials,0.01
CORT,"CORCEPT THERAPEUTICS INC",Health Care,0.01
SSD,"SIMPSON MANUFACTURING INC",Industrials,0.01
ONON,"ON HOLDING AG CLASS A",Consumer Discretionary,0.01
EAT,"BRINKER INTERNATIONAL INC",Consumer Discretionary,0.01
PB,"PROSPERITY BANCSHARES INC",Financials,0.01
CRNX,"CRINETICS PHARMACEUTICALS INC",Health Care,0.01
ESI,"ELEMENT SOLUTIONS INC",Materials,0.01
SNEX,"STONEX GROUP INC",Financials,0.01
JXN,"JACKSON FINANCIAL INC CLASS A",Financials,0.01
ALKS,"ALKERMES",Health Care,0.01
VNOM,"VIPER ENERGY INC CLASS A",Energy,0.01
UHS,"UNIVERSAL HEALTH SERVICES INC CLAS",Health Care,0.01
TGTX,"TG THERAPEUTICS INC",Health Care,0.01
EMN,"EASTMAN CHEMICAL",Materials,0.01
FORM,"FORMFACTOR INC",Information Technology,0.01
RGEN,"REPLIGEN CORP",Health Care,0.01
IDA,"IDACORP INC",Utilities,0.01
LAD,"LITHIA MOTORS INC CLASS A",Consumer Discretionary,0.01
VSAT,"VIASAT INC",Information Technology,0.01
HXL,"HEXCEL CORP",Industrials,0.01
ESE,"ESCO TECHNOLOGIES INC",Industrials,0.01
BAH,"BOOZ ALLEN HAMILTON HOLDING CORP C",Industrials,0.01
SM,"SM ENERGY",Energy,0.01
HLI,"HOULIHAN LOKEY INC CLASS A",Financials,0.01
CMC,"COMMERCIAL METALS",Materials,0.01
BROS,"DUTCH BROS INC CLASS A",Consumer Discretionary,0.01
TRNO,"TERRENO REALTY REIT CORP",Real Estate,0.01
COMP,"COMPASS INC CLASS A",Real Estate,0.01
STAG,"STAG INDUSTRIAL REIT INC",Real Estate,0.01
AMKR,"AMKOR TECHNOLOGY INC",Information Technology,0.01
CRBG,"COREBRIDGE FINANCIAL INC",Financials,0.01
PTGX,"PROTAGONIST THERAPEUTICS INC",Health Care,0.01
PRAX,"PRAXIS PRECISION MEDICINES INC",Health Care,0.01
CBSH,"COMMERCE BANCSHARES INC",Financials,0.01
UGI,"UGI CORP",Utilities,0.01
ETSY,"ETSY INC",Consumer Discretionary,0.01
AAOI,"APPLIED OPTOELECTRONICS INC",Information Technology,0.01
LEA,"LEAR CORP",Consumer Discretionary,0.01
NOV,"NOV INC",Energy,0.01
KEX,"KIRBY CORP",Industrials,0.01
AM,"ANTERO MIDSTREAM CORP",Energy,0.01
AVTR,"AVANTOR INC",Health Care,0.01
DVA,"DAVITA INC",Health Care,0.01
HRL,"HORMEL FOODS CORP",Consumer Staples,0.01
RAL,"RALLIANT CORP",Information Technology,0.01
FSS,"FEDERAL SIGNAL CORP",Industrials,0.01
NFG,"NATIONAL FUEL GAS",Utilities,0.01
WYNN,"WYNN RESORTS LTD",Consumer Discretionary,0.01
H,"HYATT HOTELS CORP CLASS A",Consumer Discretionary,0.01
AXTA,"AXALTA COATING SYSTEMS LTD",Materials,0.01
ENS,"ENERSYS",Industrials,0.01
AAON,"AAON INC",Industrials,0.01
FAF,"FIRST AMERICAN FINANCIAL CORP",Financials,0.01
OMF,"ONEMAIN HOLDINGS INC",Financials,0.01
CRUS,"CIRRUS LOGIC INC",Information Technology,0.01
TEX,"TEREX CORP",Industrials,0.01
NPO,"ENPRO INC",Industrials,0.01
LSTR,"LANDSTAR SYSTEM INC",Industrials,0.01
THG,"HANOVER INSURANCE GROUP INC",Financials,0.01
AWI,"ARMSTRONG WORLD INDUSTRIES INC",Industrials,0.01
SFM,"SPROUTS FARMERS MARKET INC",Consumer Staples,0.01
TMHC,"TAYLOR MORRISON HOME CORP",Consumer Discretionary,0.01
KNSL,"KINSALE CAPITAL GROUP INC",Financials,0.01
AGX,"ARGAN INC",Industrials,0.01
RHP,"RYMAN HOSPITALITY PROPERTIES REIT",Real Estate,0.01
VNO,"VORNADO REALTY TRUST REIT",Real Estate,0.01
EXP,"EAGLE MATERIALS INC",Materials,0.01
AOS,"A O SMITH CORP",Industrials,0.01
GFS,"GLOBALFOUNDRIES INC",Information Technology,0.01
JBTM,"JBT MAREL CORP",Industrials,0.01
CHRD,"CHORD ENERGY CORP",Energy,0.01
KYMR,"KYMERA THERAPEUTICS INC",Health Care,0.01
GBCI,"GLACIER BANCORP INC",Financials,0.01
AUR,"AURORA INNOVATION INC CLASS A",Information Technology,0.01
QRVO,"QORVO INC",Information Technology,0.01
CART,"MAPLEBEAR INC",Consumer Staples,0.01
VLY,"VALLEY NATIONAL",Financials,0.01
AGCO,"AGCO CORP",Industrials,0.01
ZWS,"ZURN ELKAY WATER SOLUTIONS CORP",Industrials,0.01
MOS,"MOSAIC",Materials,0.01
PCVX,"VAXCYTE INC",Health Care,0.01
HWC,"HANCOCK WHITNEY CORP",Financials,0.01
IDCC,"INTERDIGITAL INC",Information Technology,0.01
HR,"HEALTHCARE REALTY TRUST INC CLASS",Real Estate,0.01
HIMS,"HIMS HERS HEALTH INC CLASS A",Health Care,0.01
PLXS,"PLEXUS CORP",Information Technology,0.01
FLR,"FLUOR CORP",Industrials,0.01
LNC,"LINCOLN NATIONAL CORP",Financials,0.01
ACA,"ARCOSA INC",Industrials,0.01
MATX,"MATSON INC",Industrials,0.01
ULS,"UL SOLUTIONS INC CLASS A",Industrials,0.01
SYRE,"SPYRE THERAPEUTICS INC",Health Care,0.01
MAC,"MACERICH REIT",Real Estate,0.01
LKQ,"LKQ CORP",Consumer Discretionary,0.01
POOL,"POOL CORP",Consumer Discretionary,0.01
FNB,"FNB CORP",Financials,0.01
INGR,"INGREDION INC",Consumer Staples,0.01
CAG,"CONAGRA BRANDS INC",Consumer Staples,0.01
SLAB,"SILICON LABORATORIES INC",Information Technology,0.01
AVT,"AVNET INC",Information Technology,0.01
LW,"LAMB WESTON HOLDINGS INC",Consumer Staples,0.01
MTG,"MGIC INVESTMENT CORP",Financials,0.01
XP,"XP CLASS A INC",Financials,0.01
FOX,"FOX CORP CLASS B",Communication,0.01
CAVA,"CAVA GROUP INC",Consumer Discretionary,0.01
OSCR,"OSCAR HEALTH INC CLASS A",Financials,0.01
APLD,"APPLIED DIGITAL CORP",Information Technology,0.01
ST,"SENSATA TECHNOLOGIES HOLDING PLC",Industrials,0.01
CROX,"CROCS INC",Consumer Discretionary,0.01
SWX,"SOUTHWEST GAS HOLDINGS INC",Utilities,0.01
LNTH,"LANTHEUS HOLDINGS INC",Health Care,0.01
RYN,"RAYONIER REIT INC",Real Estate,0.01
M,"MACYS INC",Consumer Discretionary,0.01
POWL,"POWELL INDUSTRIES INC",Industrials,0.01
AUB,"ATLANTIC UNION BANKSHARES CORP",Financials,0.01
AS,"AMER SPORTS INC",Consumer Discretionary,0.01
XENE,"XENON PHARMACEUTICALS INC",Health Care,0.01
FPS,"FORGENT POWER SOLUTIONS INC CLASS",Industrials,0.01
ECG,"EVERUS CONSTRUCTION GROUP INC",Industrials,0.01
CHE,"CHEMED CORP",Health Care,0.01
MTDR,"MATADOR RESOURCES",Energy,0.01
ESNT,"ESSENT GROUP LTD",Financials,0.01
BRKR,"BRUKER CORP",Health Care,0.01
PTCT,"PTC THERAPEUTICS INC",Health Care,0.01
CZR,"CAESARS ENTERTAINMENT INC",Consumer Discretionary,0.01
MP,"MP MATERIALS CORP CLASS A",Materials,0.01
AROC,"ARCHROCK INC",Energy,0.01
TFX,"TELEFLEX INC",Health Care,0.01
EPRT,"ESSENTIAL PROPERTIES REALTY TRUST",Real Estate,0.01
CWST,"CASELLA WASTE SYSTEMS INC CLASS A",Industrials,0.01
TPG,"TPG INC CLASS A",Financials,0.01
CORZ,"CORE SCIENTIFIC INC",Information Technology,0.01
FBIN,"FORTUNE BRANDS INNOVATIONS INC",Industrials,0.01
RIOT,"RIOT PLATFORMS INC",Information Technology,0.01
TAP,"MOLSON COORS BREWING  CLASS B",Consumer Staples,0.01
CVLT,"COMMVAULT SYSTEMS INC",Information Technology,0.01
GTES,"GATES INDUSTRIAL PLC",Industrials,0.01
UBSI,"UNITED BANKSHARES INC",Financials,0.01
LUMN,"LUMEN TECHNOLOGIES INC",Communication,0.01
GXO,"GXO LOGISTICS INC",Industrials,0.01
UHALB,"U HAUL NON VOTING SERIES N",Industrials,0.01
ORA,"ORMAT TECH INC",Utilities,0.01
S,"SENTINELONE INC CLASS A",Information Technology,0.01
QBTS,"D WAVE QUANTUM INC",Information Technology,0.01
MSA,"MSA SAFETY INC",Industrials,0.01
MSGS,"MADISON SQUARE GARDEN SPORTS CORP",Communication,0.01
PRMB,"PRIMO BRANDS CLASS A CORP",Consumer Staples,0.01
COGT,"COGENT BIOSCIENCES INC",Health Care,0.01
WULF,"TERAWULF INC",Information Technology,0.01
PAYC,"PAYCOM SOFTWARE INC",Industrials,0.01
GATX,"GATX CORP",Industrials,0.01
SARO,"STANDARDAERO",Industrials,0.01
KRG,"KITE REALTY GROUP TRUST REIT",Real Estate,0.01
FND,"FLOOR DECOR HOLDINGS INC CLASS A",Consumer Discretionary,0.01
LYFT,"LYFT INC CLASS A",Industrials,0.01
DOX,"AMDOCS LTD",Information Technology,0.01
POR,"PORTLAND GENERAL ELECTRIC",Utilities,0.01
MBGL,"MOBILITY GLOBAL INC",Industrials,0.01
MYRG,"MYR GROUP INC",Industrials,0.01
MXL,"MAXLINEAR INC",Information Technology,0.01
ACIW,"ACI WORLDWIDE INC",Information Technology,0.01
VFC,"VF CORP",Consumer Discretionary,0.01
KGS,"KODIAK GAS SERVICES INC",Energy,0.01
HOMB,"HOME BANCSHARES INC",Financials,0.01
MIDD,"MIDDLEBY CORP",Industrials,0.01
ESTC,"ELASTIC NV",Information Technology,0.01
MHK,"MOHAWK INDUSTRIES INC",Consumer Discretionary,0.01
SIGI,"SELECTIVE INSURANCE GROUP INC",Financials,0.01
PL,"PLANET LABS CLASS A",Industrials,0.01
SIRI,"SIRIUSXM HOLDINGS INC",Communication,0.01
WH,"WYNDHAM HOTELS RESORTS INC",Consumer Discretionary,0.01
QLYS,"QUALYS INC",Information Technology,0.01
PBF,"PBF ENERGY INC CLASS A",Energy,0.01
STWD,"STARWOOD PROPERTY TRUST REIT INC",Financials,0.01
OWL,"BLUE OWL CAPITAL INC CLASS A",Financials,0.01
OKLO,"OKLO INC CLASS A",Utilities,0.01
LGND,"LIGAND PHARMACEUTICALS INC",Health Care,0.01
NJR,"NEW JERSEY RESOURCES CORP",Utilities,0.01
TEM,"TEMPUS AI INC CLASS A",Health Care,0.01
GNTX,"GENTEX CORP",Consumer Discretionary,0.01
WFRD,"WEATHERFORD INTERNATIONAL PLC",Energy,0.01
OZK,"BANK OZK",Financials,0.01
ALGM,"ALLEGRO MICROSYSTEMS INC",Information Technology,0.01
ALK,"ALASKA AIR GROUP INC",Industrials,0.01
BIO,"BIO RAD LABORATORIES INC CLASS A",Health Care,0.01
MSM,"MSC INDUSTRIAL INC CLASS A",Industrials,0.01
SSRM,"SSR MINING INC",Materials,0.01
BC,"BRUNSWICK CORP",Consumer Discretionary,0.01
ABCB,"AMERIS BANCORP",Financials,0.01
RDN,"RADIAN GROUP INC",Financials,0.01
IESC,"IES INC",Industrials,0.01
LTH,"LIFE TIME GROUP HOLDINGS INC",Consumer Discretionary,0.01
HRB,"H&R BLOCK INC",Consumer Discretionary,0.01
FTDR,"FRONTDOOR INC",Consumer Discretionary,0.01
PCTY,"PAYLOCITY HOLDING CORP",Industrials,0.01
CIFR,"CIPHER DIGITAL INC",Information Technology,0.01
BKH,"BLACK HILLS CORP",Utilities,0.01
CHYM,"CHIME FINANCIAL INC CLASS A",Financials,0.01
Z,"ZILLOW GROUP INC CLASS C",Real Estate,0.01
MTH,"MERITAGE CORP",Consumer Discretionary,0.01
NXST,"NEXSTAR MEDIA GROUP INC",Communication,0.01
PCOR,"PROCORE TECHNOLOGIES INC",Information Technology,0.01
VSXY,"VICTORIA S SECRET",Consumer Discretionary,0.01
MTN,"VAIL RESORTS INC",Consumer Discretionary,0.01
SRRK,"SCHOLAR ROCK HOLDING CORP",Health Care,0.01
DFTX,"DEFINIUM THERAPEUTICS INC",Health Care,0.01
ENVA,"ENOVA INTERNATIONAL INC",Financials,0.01
AVAV,"AEROVIRONMENT INC",Industrials,0.01
CHDN,"CHURCHILL DOWNS INC",Consumer Discretionary,0.01
GTX,"GARRETT MOTION",Consumer Discretionary,0.01
WEX,"WEX INC",Financials,0.01
BIPC,"BROOKFIELD INFRASTRUCTURE CORP CLA",Utilities,0.01
ENPH,"ENPHASE ENERGY INC",Information Technology,0.01
NOVT,"NOVANTA INC",Information Technology,0.01
APGE,"APOGEE THERAPEUTICS INC",Health Care,0.01
PECO,"PHILLIPS EDISON AND COMPANY INC",Real Estate,0.01
RYTM,"RHYTHM PHARMACEUTICALS INC",Health Care,0.01
SON,"SONOCO PRODUCTS",Materials,0.01
CNO,"CNO FINANCIAL GROUP INC",Financials,0.01
MIRM,"MIRUM PHARMACEUTICALS INC",Health Care,0.01
UFPI,"UFP INDUSTRIES INC",Industrials,0.01
TXNM,"TXNM ENERGY INC",Utilities,0.01
VICR,"VICOR CORP",Industrials,0.01
AN,"AUTONATION INC",Consumer Discretionary,0.01
WTM,"WHITE MOUNTAINS INSURANCE GROUP LT",Financials,0.01
MRCY,"MERCURY SYSTEMS INC",Industrials,0.01
RITM,"RITHM CAPITAL CORP",Financials,0.01
ACI,"ALBERTSONS COMPANY INC CLASS A",Consumer Staples,0.01
CLF,"CLEVELAND CLIFFS INC",Materials,0.01
IBP,"INSTALLED BUILDING PRODUCTS INC",Consumer Discretionary,0.01
VRNS,"VARONIS SYSTEMS INC",Information Technology,0.01
AX,"AXOS FINANCIAL INC",Financials,0.01
SLM,"SLM CORP",Financials,0.01
VSEC,"VSE CORP",Industrials,0.01
VSNT,"VERSANT MEDIA GROUP INC",Communication,0.01
TCBI,"TEXAS CAPITAL BANCSHARES INC",Financials,0.01
EBC,"EASTERN BANKSHARES INC",Financials,0.01
PSMT,"PRICESMART INC",Consumer Staples,0.01
BSY,"BENTLEY SYSTEMS INC CLASS B",Information Technology,0.01
ESAB,"ESAB CORP",Industrials,0.01
GVA,"GRANITE CONSTRUCTION INC",Industrials,0.01
PIPR,"PIPER SANDLER COMPANIES",Financials,0.01
CUZ,"COUSINS PROPERTIES REIT INC",Real Estate,0.01
TWST,"TWIST BIOSCIENCE CORP",Health Care,0.01
RLI,"RLI CORP",Financials,0.01
VVV,"VALVOLINE INC",Consumer Discretionary,0.01
BCO,"BRINKS",Industrials,0.01
ASB,"ASSOCIATED BANCORP",Financials,0.01
CE,"CELANESE CORP",Materials,0.01
BCPC,"BALCHEM CORP",Materials,0.01
CHWY,"CHEWY INC CLASS A",Consumer Discretionary,0.01
NE,"NOBLE CORPORATION PLC",Energy,0.01
MUR,"MURPHY OIL CORP",Energy,0.01
BEPC,"BROOKFIELD RENEWABLE SUBORDINATE V",Utilities,0.01
TXG,"10X GENOMICS INC CLASS A",Health Care,0.01
G,"GENPACT LTD",Industrials,0.01
PRM,"PERIMETER SOLUTIONS INC",Materials,0.01
CGON,"CG ONCOLOGY INC",Health Care,0.01
FIG,"FIGMA INC CLASS A",Information Technology,0.01
ANF,"ABERCROMBIE AND FITCH CLASS A",Consumer Discretionary,0.01
WSC,"WILLSCOT HOLDINGS CORP CLASS A",Industrials,0.01
FCN,"FTI CONSULTING INC",Industrials,0.01
OGS,"ONE GAS INC",Utilities,0.01
JOBY,"JOBY AVIATION INC CLASS A",Industrials,0.01
CSW,"CSW INDUSTRIALS INC",Industrials,0.01
KLIC,"KULICKE AND SOFFA INDUSTRIES INC",Information Technology,0.01
BYD,"BOYD GAMING CORP",Consumer Discretionary,0.01
SITE,"SITEONE LANDSCAPE SUPPLY INC",Industrials,0.01
KBR,"KBR INC",Industrials,0.01
CELH,"CELSIUS HOLDINGS INC",Consumer Staples,0.01
SAIC,"SCIENCE APPLICATIONS INTERNATIONAL",Industrials,0.01
LQDA,"LIQUIDIA CORP",Health Care,0.01
EPAM,"EPAM SYSTEMS INC",Information Technology,0.01
VNT,"VONTIER CORP",Information Technology,0.01
TREX,"TREX INC",Industrials,0.01
INDV,"INDIVIOR PHARMACEUTICALS INC",Health Care,0.01
LAUR,"LAUREATE EDUCATION INC",Consumer Discretionary,0.01
MGY,"MAGNOLIA OIL GAS CORP CLASS A",Energy,0.01
MAT,"MATTEL INC",Consumer Discretionary,0.01
HRI,"HERC HOLDINGS INC",Industrials,0.01
SKY,"CHAMPION HOMES INC",Consumer Discretionary,0.01
DAVE,"DAVE INC CLASS A",Financials,0.01
OUT,"OUTFRONT MEDIA INC",Real Estate,0.01
PATH,"UIPATH INC CLASS A",Information Technology,0.01
LPX,"LOUISIANA PACIFIC CORP",Industrials,0.01
BBWI,"BATH AND BODY WORKS INC",Consumer Discretionary,0.01
CBT,"CABOT CORP",Materials,0.01
SR,"SPIRE INC",Utilities,0.01
EPR,"EPR PROPERTIES REIT",Real Estate,0.01
WSFS,"WSFS FINANCIAL CORP",Financials,0.01
KNF,"KNIFE RIVER CORP",Materials,0.01
DUOL,"DUOLINGO INC CLASS A",Consumer Discretionary,0.01
SBRA,"SABRA HEALTH CARE REIT INC",Real Estate,0.01
VIRT,"VIRTU FINANCIAL INC CLASS A",Financials,0.01
AZZ,"AZZ INC",Industrials,0.01
SXT,"SENSIENT TECHNOLOGIES CORP",Materials,0.01
GLNG,"GOLAR LNG LTD",Energy,0.01
BOOT,"BOOT BARN HOLDINGS INC",Consumer Discretionary,0.01
FFIN,"FIRST FINANCIAL BANKSHARES INC",Financials,0.01
GAP,"GAP INC",Consumer Discretionary,0.01
KRC,"KILROY REALTY REIT CORP",Real Estate,0.01
AIR,"AAR CORP",Industrials,0.01
SHC,"SOTERA HEALTH COMPANY",Health Care,0.01
URBN,"URBAN OUTFITTERS INC",Consumer Discretionary,0.01
LLYVK,"LIBERTY LIVE HOLDINGS INC SERIES C",Consumer Discretionary,0.01
GTLB,"GITLAB INC CLASS A",Information Technology,0.01
TENB,"TENABLE HOLDINGS INC",Information Technology,0.01
KTB,"KONTOOR BRANDS INC",Consumer Discretionary,0.01
TNL,"TRAVEL LEISURE",Consumer Discretionary,0.01
DBX,"DROPBOX INC CLASS A",Information Technology,0.01
INDB,"INDEPENDENT BANK CORP",Financials,0.01
FLG,"FLAGSTAR BANK NATIONAL ASSOCIATION",Financials,0.01
RUSHA,"RUSH ENTERPRISES INC CLASS A",Industrials,0.01
HASI,"HA SUSTAINABLE INFRASTRUCTURE CAPI",Financials,0.01
CNR,"CORE NATURAL RESOURCES INC",Energy,0.01
ACLS,"AXCELIS TECHNOLOGIES INC",Information Technology,0.01
CVCO,"CAVCO INDUSTRIES INC",Consumer Discretionary,0.01
ABG,"ASBURY AUTOMOTIVE GROUP INC",Consumer Discretionary,0.01
FULT,"FULTON FINANCIAL CORP",Financials,0.01
ZETA,"ZETA GLOBAL HOLDINGS CORP CLASS A",Information Technology,0.01
BMI,"BADGER METER INC",Information Technology,0.01
RIG,"TRANSOCEAN LTD",Energy,0.01
MTRN,"MATERION CORP",Materials,0.01
CRSP,"CRISPR THERAPEUTICS AG",Health Care,0.01
MRP,"MILLROSE PROPERTIES INC CLASS A",Real Estate,0.01
NEU,"NEWMARKET CORP",Materials,0.01
COLD,"AMERICOLD REALTY INC TRUST",Real Estate,0.01
TVTX,"TRAVERE THERAPEUTICS INC",Health Care,0.01
REZI,"RESIDEO TECHNOLOGIES INC",Industrials,0.01
TTAN,"SERVICETITAN INC CLASS A",Information Technology,0.01
SFBS,"SERVISFIRST BANCSHARES INC",Financials,0.01
RXO,"RXO INC",Industrials,0.01
UNF,"UNIFIRST CORP",Industrials,0.01
ROAD,"CONSTRUCTION PARTNERS INC CLASS A",Industrials,0.01
VAL,"VALARIS LTD",Energy,0.01
PRIM,"PRIMORIS SERVICES CORP",Industrials,0.01
FBP,"FIRST BANCORP",Financials,0.01
YOU,"CLEAR SECURE INC CLASS A",Information Technology,0.01
PLNT,"PLANET FITNESS INC CLASS A",Consumer Discretionary,0.01
XMTR,"XOMETRY INC CLASS A",Industrials,0.01
RGTI,"RIGETTI COMPUTING INC",Information Technology,0.01
SYNA,"SYNAPTICS INC",Information Technology,0.01
SKT,"TANGER INC",Real Estate,0.01
DK,"DELEK US HOLDINGS INC",Energy,0.01
VCYT,"VERACYTE INC",Health Care,0.01
VSH,"VISHAY INTERTECHNOLOGY INC",Information Technology,0.01
UEC,"URANIUM ENERGY CORP",Energy,0.01
BOX,"BOX INC CLASS A",Information Technology,0.01
DNTH,"DIANTHUS THERAPEUTICS INC",Health Care,0.01
MMSI,"MERIT MEDICAL SYSTEMS INC",Health Care,0.01
ATMU,"ATMUS FILTRATION TECHNOLOGIES INC",Industrials,0.01
RHI,"ROBERT HALF",Industrials,0.01
HCC,"WARRIOR MET COAL INC",Materials,0.01
FIGR,"FIGURE TECHNOLOGY SOLUTIONS INC CL",Financials,0.01
NVST,"ENVISTA HOLDINGS CORP",Health Care,0.01
CECO,"CECO ENVIRONMENTAL CORP",Industrials,0.01
EXLS,"EXLSERVICE HOLDINGS INC",Industrials,0.01
OPLN,"OPENLANE INC",Industrials,0.01
YETI,"YETI HOLDINGS INC",Consumer Discretionary,0.01
CNX,"CNX RESOURCES CORP",Energy,0.01
LOPE,"GRAND CANYON EDUCATION INC",Consumer Discretionary,0.01
CPB,"CAMPBELL SOUP",Consumer Staples,0.01
ACMR,"ACM RESEARCH CLASS A INC",Information Technology,0.01
IRDM,"IRIDIUM COMMUNICATIONS INC",Communication,0.01
RNST,"RENASANT CORP",Financials,0.01
UCB,"UNITED COMMUNITY BANKS INC",Financials,0.01
MARA,"MARA HOLDINGS INC",Information Technology,0.01
IBOC,"INTERNATIONAL BANCSHARES CORP",Financials,0.01
OLLI,"OLLIES BARGAIN OUTLET HOLDINGS INC",Consumer Discretionary,0.01
BFAM,"BRIGHT HORIZONS FAMILY SOLUTIONS I",Consumer Discretionary,0.01
RDNT,"RADNET INC",Health Care,0.01
NWE,"NORTHWESTERN ENERGY GROUP INC",Utilities,0.01
SKYW,"SKYWEST INC",Industrials,0.01
RYAN,"RYAN SPECIALTY HOLDINGS INC CLASS",Financials,0.01
BDC,"BELDEN INC",Information Technology,0.01
MKTX,"MARKETAXESS HOLDINGS INC",Financials,0.01
LIVN,"LIVANOVA PLC",Health Care,0.01
OPEN,"OPENDOOR TECHNOLOGIES INC CLASS A",Real Estate,0.01
CDP,"COPT DEFENSE PROPERTIES",Real Estate,0.01
GPI,"GROUP  AUTOMOTIVE INC",Consumer Discretionary,0.01
KFY,"KORN FERRY",Industrials,0.01
GSAT,"GLOBALSTAR VOTING INC",Communication,0.01
MHO,"M I HOMES INC",Consumer Discretionary,0.01
RELY,"REMITLY GLOBAL INC",Financials,0.01
GLXY,"GALAXY DIGITAL INC CLASS A",Financials,0.01
MC,"MOELIS CLASS A",Financials,0.01
MDU,"MDU RESOURCES GROUP INC",Utilities,0.01
JHX,"JAMES HARDIE INDUSTRIES PLC",Materials,0.01
WING,"WINGSTOP INC",Consumer Discretionary,0.01
CRC,"CALIFORNIA RESOURCES CORP",Energy,0.01
APPF,"APPFOLIO INC CLASS A",Information Technology,0.01
VCTR,"VICTORY CAPITAL HOLDINGS CLASS A I",Financials,0.01
ERAS,"ERASCA INC",Health Care,0.01
ORKA,"ORUKA THERAPEUTICS INC",Health Care,0.01
POWI,"POWER INTEGRATIONS INC",Information Technology,0.01
MRX,"MAREX GROUP LTD",Financials,0.01
AGO,"ASSURED GUARANTY LTD",Financials,0.01
PAG,"PENSKE AUTOMOTIVE GROUP VOTING INC",Consumer Discretionary,0.01
MORN,"MORNINGSTAR INC",Financials,0.01
DIOD,"DIODES INC",Information Technology,0.01
TNGX,"TANGO THERAPEUTICS INC",Health Care,0.01
FELE,"FRANKLIN ELECTRIC INC",Industrials,0.01
PII,"POLARIS INC",Consumer Discretionary,0.01
APLE,"APPLE HOSPITALITY REIT INC",Real Estate,0.01
CHEF,"CHEFS WAREHOUSE INC",Consumer Staples,0.01
HAE,"HAEMONETICS CORP",Health Care,0.01
CATY,"CATHAY GENERAL BANCORP",Financials,0.01
BNL,"BROADSTONE NET LEASE INC",Real Estate,0.01
ELF,"ELF BEAUTY INC",Consumer Staples,0.01
DORM,"DORMAN PRODUCTS INC",Consumer Discretionary,0.01
UCTT,"ULTRA CLEAN HOLDINGS INC",Information Technology,0.01
KAI,"KADANT INC",Industrials,0.01
SIG,"SIGNET JEWELERS LTD",Consumer Discretionary,0.01
LAZ,"LAZARD INC",Financials,0.01
CWEN,"CLEARWAY ENERGY INC CLASS C",Utilities,0.01
CVSA,"COVISTA INC",Consumer Discretionary,0.01
PJT,"PJT PARTNERS INC CLASS A",Financials,0.01
FHB,"FIRST HAWAIIAN INC",Financials,0.01
KBH,"KB HOME",Consumer Discretionary,0.01
OII,"OCEANEERING INTERNATIONAL INC",Energy,0.01
JBS,"JBS N V NV CLASS A",Consumer Staples,0.01
EXTR,"EXTREME NETWORKS INC",Information Technology,0.01
LMND,"LEMONADE INC",Financials,0.01
TPC,"TUTOR PERINI CORP",Industrials,0.01
SLGN,"SILGAN HOLDINGS INC",Materials,0.01
CVBF,"CVB FINANCIAL CORP",Financials,0.01
MWA,"MUELLER WATER PRODUCTS INC SERIES",Industrials,0.01
GFF,"GRIFFON CORP",Industrials,0.01
MIR,"MIRION TECHNOLOGIES INC CLASS A",Information Technology,0.01
BFH,"BREAD FINANCIAL HOLDINGS INC",Financials,0.01
CALM,"CAL MAINE FOODS INC",Consumer Staples,0.01
THO,"THOR INDUSTRIES INC",Consumer Discretionary,0.01
NWS,"NEWS CORP CLASS B",Communication,0.01
BFB,"BROWN FORMAN CORP CLASS B",Consumer Staples,0.01
IRTC,"IRHYTHM HOLDINGS INC",Health Care,0.01
RNG,"RINGCENTRAL INC CLASS A",Information Technology,0.01
PTEN,"PATTERSON UTI ENERGY INC",Energy,0.01
GHC,"GRAHAM HOLDINGS COMPANY CLASS B",Consumer Discretionary,0.01
ITRI,"ITRON INC",Information Technology,0.01
ALHC,"ALIGNMENT HEALTHCARE INC",Health Care,0.01
GNW,"GENWORTH FINANCIAL INC",Financials,0.01
NATL,"NCR ATLEOS CORP",Financials,0.01
BGC,"BGC GROUP INC CLASS A",Financials,0.01
OLED,"UNIVERSAL DISPLAY CORP",Information Technology,0.01
PI,"IMPINJ INC",Information Technology,0.01
BKD,"BROOKDALE SENIOR LIVING INC",Health Care,0.01
STNG,"SCORPIO TANKERS INC",Energy,0.01
VKTX,"VIKING THERAPEUTICS INC",Health Care,0.01
CBU,"COMMUNITY FINANCIAL SYSTEM INC",Financials,0.01
OTTR,"OTTER TAIL CORP",Utilities,0.01
OSIS,"OSI SYSTEMS INC",Information Technology,0.01
IRT,"INDEPENDENCE REALTY INC",Real Estate,0.01
GEO,"GEO GROUP INC",Industrials,0.01
LRN,"STRIDE INC",Consumer Discretionary,0.01
TDW,"TIDEWATER INC",Energy,0.01
BKU,"BANKUNITED INC",Financials,0.01
WSBC,"WESBANCO INC",Financials,0.01
OPCH,"OPTION CARE HEALTH INC",Health Care,0.01
ARCB,"ARCBEST CORP",Industrials,0.01
PLMR,"PALOMAR HOLDINGS INC",Financials,0.01
PVH,"PVH CORP",Consumer Discretionary,0.01
LBRT,"LIBERTY ENERGY INC CLASS A",Energy,0.00
SLG,"SL GREEN REALTY REIT CORP",Real Estate,0.00
ICUI,"ICU MEDICAL INC",Health Care,0.00
CAKE,"CHEESECAKE FACTORY INC",Consumer Discretionary,0.00
BHF,"BRIGHTHOUSE FINANCIAL INC",Financials,0.00
ADT,"ADT INC",Consumer Discretionary,0.00
PARR,"PAR PACIFIC HOLDINGS INC",Energy,0.00
BILL,"BILL HOLDINGS INC",Information Technology,0.00
LASR,"NLIGHT INC",Information Technology,0.00
POST,"POST HOLDINGS INC",Consumer Staples,0.00
SPHR,"SPHERE ENTERTAINMENT CLASS A",Communication,0.00
FOUR,"SHIFT4 PAYMENTS INC CLASS A",Financials,0.00
FIBK,"FIRST INTERSTATE BANCSYSTEM INC",Financials,0.00
TDS,"TELEPHONE AND DATA SYSTEMS INC",Communication,0.00
INSW,"INTERNATIONAL SEAWAYS INC",Energy,0.00
NMIH,"NMI HOLDINGS INC",Financials,0.00
SXI,"STANDEX INTERNATIONAL CORP",Industrials,0.00
ASH,"ASHLAND INC",Materials,0.00
ADPT,"ADAPTIVE BIOTECHNOLOGIES CORP",Health Care,0.00
LGN,"LEGENCE CORP CLASS A",Industrials,0.00
HNGE,"HINGE HEALTH INC CLASS A",Health Care,0.00
WHD,"CACTUS INC CLASS A",Energy,0.00
CXW,"CORECIVIC REIT INC",Industrials,0.00
PENG,"PENGUIN SOLUTIONS INC",Information Technology,0.00
KN,"KNOWLES CORP",Information Technology,0.00
DNLI,"DENALI THERAPEUTICS INC",Health Care,0.00
PPLI,"PEOPLE",Communication,0.00
CARG,"CARGURUS INC CLASS A",Communication,0.00
AVA,"AVISTA CORP",Utilities,0.00
OGN,"ORGANON",Health Care,0.00
WDFC,"WD-40",Consumer Staples,0.00
UUUU,"ENERGY FUELS INC",Energy,0.00
DAN,"DANA INCORPORATED INC",Consumer Discretionary,0.00
HLNE,"HAMILTON LANE INC CLASS A",Financials,0.00
IMVT,"IMMUNOVANT INC",Health Care,0.00
BOH,"BANK OF HAWAII CORP",Financials,0.00
HIW,"HIGHWOODS PROPERTIES REIT INC",Real Estate,0.00
LBRDK,"LIBERTY BROADBAND CORP SERIES C",Communication,0.00
ITGR,"INTEGER HOLDINGS CORP",Health Care,0.00
CCC,"CCC INTELLIGENT SOLUTIONS HOLDINGS",Information Technology,0.00
HP,"HELMERICH & PAYNE INC",Energy,0.00
NHI,"NATIONAL HEALTH INVESTORS REIT INC",Real Estate,0.00
QTWO,"Q2 HOLDINGS INC",Information Technology,0.00
EEFT,"EURONET WORLDWIDE INC",Financials,0.00
AWR,"AMERICAN STATES WATER",Utilities,0.00
HUBG,"HUB GROUP INC CLASS A",Industrials,0.00
ACAD,"ACADIA PHARMACEUTICALS INC",Health Care,0.00
PFS,"PROVIDENT FINANCIAL SERVICES INC",Financials,0.00
FFBC,"FIRST FINANCIAL BANCORP",Financials,0.00
NIC,"NICOLET BANKSHARES INC",Financials,0.00
FUL,"HB FULLER",Materials,0.00
BCC,"BOISE CASCADE",Industrials,0.00
AVNT,"AVIENT CORP",Materials,0.00
CNK,"CINEMARK HOLDINGS INC",Communication,0.00
CON,"CONCENTRA GROUP HOLDINGS PARENT IN",Health Care,0.00
COCO,"THE VITA COCO COMPANY INC",Consumer Staples,0.00
AMTM,"AMENTUM HOLDINGS INC",Industrials,0.00
DYN,"DYNE THERAPEUTICS INC",Health Care,0.00
CSTM,"CONSTELLIUM SE CLASS A",Materials,0.00
CWK,"CUSHMAN AND WAKEFIELD LTD",Real Estate,0.00
CLSK,"CLEANSPARK INC",Information Technology,0.00
BOKF,"BOK FINANCIAL CORP",Financials,0.00
PK,"PARK HOTELS RESORTS INC",Real Estate,0.00
LXP,"LXP INDUSTRIAL TRUST",Real Estate,0.00
GPK,"GRAPHIC PACKAGING HOLDING",Materials,0.00
AMRX,"AMNEAL PHARMACEUTICALS INC CLASS A",Health Care,0.00
EXPO,"EXPONENT INC",Industrials,0.00
SFNC,"SIMMONS FIRST NATIONAL CORP CLASS",Financials,0.00
RRR,"RED ROCK RESORTS ORS CLASS A INC",Consumer Discretionary,0.00
SEI,"SOLARIS OILFIELD INFRASTRUCTURE IN",Energy,0.00
MIAX,"MIAMI INTERNATIONAL HOLDINGS INC",Financials,0.00
ARQT,"ARCUTIS BIOTHERAPEUTICS INC",Health Care,0.00
NSIT,"INSIGHT ENTERPRISES INC",Information Technology,0.00
AEO,"AMERICAN EAGLE OUTFITTERS INC",Consumer Discretionary,0.00
ONDS,"ONDAS INC",Information Technology,0.00
ABM,"ABM INDUSTRIES INC",Industrials,0.00
NSA,"NATIONAL STORAGE AFFILIATES TRUST",Real Estate,0.00
MMS,"MAXIMUS INC",Industrials,0.00
DRS,"LEONARDO DRS INC",Industrials,0.00
SHOO,"STEVEN MADDEN LTD",Consumer Discretionary,0.00
MSGE,"MADISON SQUARE GARDEN ENTERTAINMEN",Communication,0.00
CHH,"CHOICE HOTELS INTERNATIONAL INC",Consumer Discretionary,0.00
SDRL,"SEADRILL LTD",Energy,0.00
CELC,"CELCUITY INC",Health Care,0.00
PEGA,"PEGASYSTEMS INC",Information Technology,0.00
HGV,"HILTON GRAND VACATIONS INC",Consumer Discretionary,0.00
ASO,"ACADEMY SPORTS AND OUTDOORS INC",Consumer Discretionary,0.00
HOG,"HARLEY DAVIDSON INC",Consumer Discretionary,0.00
AAP,"ADVANCE AUTO PARTS INC",Consumer Discretionary,0.00
KRMN,"KARMAN HOLDINGS INC",Industrials,0.00
ATEN,"A10 NETWORKS INC",Information Technology,0.00
GRAL,"GRAIL INC",Health Care,0.00
BXMT,"BLACKSTONE MORTGAGE TRUST REIT CLA",Financials,0.00
GOLF,"ACUSHNET HOLDINGS CORP",Consumer Discretionary,0.00
VECO,"VEECO INSTRUMENTS INC",Information Technology,0.00
ACHC,"ACADIA HEALTHCARE COMPANY INC",Health Care,0.00
STNE,"STONECO LTD CLASS A",Financials,0.00
BHE,"BENCHMARK ELECTRONICS INC",Information Technology,0.00
PHIN,"PHINIA INC",Consumer Discretionary,0.00
TOWN,"TOWNEBANK",Financials,0.00
TDC,"TERADATA CORP",Information Technology,0.00
RLAY,"RELAY THERAPEUTICS INC",Health Care,0.00
RSI,"RUSH STREET INTERACTIVE INC CLASS",Consumer Discretionary,0.00
FSLY,"FASTLY INC CLASS A",Information Technology,0.00
LOAR,"LOAR HOLDINGS INC",Industrials,0.00
HWKN,"HAWKINS INC",Materials,0.00
WT,"WISDOMTREE INC",Financials,0.00
FBNC,"FIRST BANCORP",Financials,0.00
PRVA,"PRIVIA HEALTH GROUP INC",Health Care,0.00
STEP,"STEPSTONE GROUP INC CLASS A",Financials,0.00
DOCS,"DOXIMITY INC CLASS A",Health Care,0.00
TRMK,"TRUSTMARK CORP",Financials,0.00
CWT,"CALIFORNIA WATER SERVICE GROUP",Utilities,0.00
SMG,"SCOTTS MIRACLE GRO",Materials,0.00
HAYW,"HAYWARD HOLDINGS INC",Industrials,0.00
RH,"RH",Consumer Discretionary,0.00
KMT,"KENNAMETAL INC",Industrials,0.00
NHC,"NATIONAL HEALTHCARE CORP",Health Care,0.00
EWTX,"EDGEWISE THERAPEUTICS INC",Health Care,0.00
CPK,"CHESAPEAKE UTILITIES CORP",Utilities,0.00
IDYA,"IDEAYA BIOSCIENCES INC",Health Care,0.00
PLUG,"PLUG POWER INC",Industrials,0.00
CLDX,"CELLDEX THERAPEUTICS INC",Health Care,0.00
PATK,"PATRICK INDUSTRIES INC",Consumer Discretionary,0.00
HNI,"HNI CORP",Industrials,0.00
USAR,"USA RARE EARTH INC CLASS A",Materials,0.00
MGEE,"MGE ENERGY INC",Utilities,0.00
DLB,"DOLBY LABORATORIES INC CLASS A",Information Technology,0.00
VGNT,"VERSIGENT PLC",Consumer Discretionary,0.00
BLBD,"BLUE BIRD CORP",Industrials,0.00
IBRX,"IMMUNITYBIO INC",Health Care,0.00
DX,"DYNEX CAPITAL REIT INC",Financials,0.00
ALM,"ALMONTY INDUSTRIES INC",Materials,0.00
WAFD,"WAFD INC",Financials,0.00
TBBK,"BANCORP INC",Financials,0.00
MPT,"MEDICAL PROPERTIES TRUST REIT INC",Real Estate,0.00
SBCF,"SEACOAST BANKING OF FLORIDA",Financials,0.00
RARE,"ULTRAGENYX PHARMACEUTICAL INC",Health Care,0.00
MCY,"MERCURY GENERAL CORP",Financials,0.00
CACC,"CREDIT ACCEPTANCE CORP",Financials,0.00
KD,"KYNDRYL HOLDINGS INC",Information Technology,0.00
LCII,"LCI INDUSTRIES",Consumer Discretionary,0.00
WERN,"WERNER ENTERPRISES INC",Industrials,0.00
ANDE,"ANDERSONS INC",Consumer Staples,0.00
VAC,"MARRIOTT VACATIONS WORLDWIDE CORP",Consumer Discretionary,0.00
CLMT,"CALUMET INC",Energy,0.00
TRN,"TRINITY INDUSTRIES INC",Industrials,0.00
DHT,"DHT HOLDINGS INC",Energy,0.00
WK,"WORKIVA INC CLASS A",Information Technology,0.00
MGRC,"MCGRATH RENT",Industrials,0.00
AXTI,"AXT INC",Information Technology,0.00
VC,"VISTEON CORP",Consumer Discretionary,0.00
CURB,"CURBLINE PROPERTIES",Real Estate,0.00
CALY,"CALLAWAY GOLF COMPANY",Consumer Discretionary,0.00
VISN,"VISTANCE NETWORKS INC",Information Technology,0.00
ACHR,"ARCHER AVIATION INC CLASS A",Industrials,0.00
BANC,"BANC OF CALIFORNIA INC",Financials,0.00
AMBA,"AMBARELLA INC",Information Technology,0.00
FCPT,"FOUR CORNERS PROPERTY INC TRUST",Real Estate,0.00
OLN,"OLIN CORP",Materials,0.00
BELFB,"BEL FUSE INC CLASS B",Information Technology,0.00
UE,"URBAN EDGE PROPERTIES",Real Estate,0.00
XRAY,"DENTSPLY SIRONA INC",Health Care,0.00
NGVT,"INGEVITY CORP",Materials,0.00
LINE,"LINEAGE INC",Real Estate,0.00
CRGY,"CRESCENT ENERGY CLASS A",Energy,0.00
ATKR,"ATKORE INC",Industrials,0.00
SPB,"SPECTRUM BRANDS HOLDINGS INC",Consumer Staples,0.00
PFSI,"PENNYMAC FINANCIAL SERVICES INC",Financials,0.00
ADEA,"ADEIA INC",Information Technology,0.00
OSW,"ONESPAWORLD HOLDINGS LTD",Consumer Discretionary,0.00
JOE,"ST JOE",Real Estate,0.00
BANF,"BANCFIRST CORP",Financials,0.00
PENN,"PENN ENTERTAINMENT INC",Consumer Discretionary,0.00
WRBY,"WARBY PARKER INC CLASS A",Consumer Discretionary,0.00
BANR,"BANNER CORP",Financials,0.00
AAMI,"ACADIAN ASSET MANAGEMENT INC",Financials,0.00
UNFI,"UNITED NATURAL FOODS INC",Consumer Staples,0.00
BATRK,"ATLANTA BRAVES HOLDINGS INC SERIES",Communication,0.00
FRHC,"FREEDOM HOLDING CORP",Financials,0.00
GPGI,"GPGI INC CLASS A",Information Technology,0.00
NAVN,"NAVAN INC CLASS A",Consumer Discretionary,0.00
UPST,"UPSTART HOLDINGS INC",Financials,0.00
WLK,"WESTLAKE CORP",Materials,0.00
DRH,"DIAMONDROCK HOSPITALITY",Real Estate,0.00
KALU,"KAISER ALUMINIUM CORP",Materials,0.00
BWIN,"BALDWIN INSURANCE GROUP INC CLASS",Financials,0.00
AKR,"ACADIA REALTY TRUST REIT",Real Estate,0.00
DNOW,"DNOW INC",Industrials,0.00
BTU,"PEABODY ENERGY CORP",Energy,0.00
FRPT,"FRESHPET INC",Consumer Staples,0.00
BEAM,"BEAM THERAPEUTICS INC",Health Care,0.00
PBH,"PRESTIGE CONSUMER HEALTHCARE INC",Health Care,0.00
AGYS,"AGILYSYS INC",Information Technology,0.00
BUSE,"FIRST BUSEY CORP",Financials,0.00
PRK,"PARK NATIONAL CORP",Financials,0.00
IPGP,"IPG PHOTONICS CORP",Information Technology,0.00
VCEL,"VERICEL CORP",Health Care,0.00
IMNM,"IMMUNOME INC",Health Care,0.00
NTCT,"NETSCOUT SYSTEMS INC",Information Technology,0.00
MGNI,"MAGNITE INC",Communication,0.00
LION,"LIONSGATE STUDIOS CORP",Communication,0.00
KNSA,"KINIKSA PHARMACEUTICALS INTERNATIO",Health Care,0.00
WAY,"WAYSTAR HOLDING CORP",Health Care,0.00
ROG,"ROGERS CORP",Information Technology,0.00
IVT,"INVENTRUST PROPERTIES CORP",Real Estate,0.00
PGNY,"PROGYNY INC",Health Care,0.00
DCO,"DUCOMMUN INC",Industrials,0.00
TMDX,"TRANSMEDICS GROUP INC",Health Care,0.00
PLUS,"EPLUS",Information Technology,0.00
DBRG,"DIGITALBRIDGE GROUP INC CLASS A",Financials,0.00
KVYO,"KLAVIYO INC SERIES A",Information Technology,0.00
NMRK,"NEWMARK GROUP INC CLASS A",Real Estate,0.00
CC,"CHEMOURS",Materials,0.00
HLIO,"HELIOS TECHNOLOGIES INC",Industrials,0.00
PRDO,"PERDOCEO EDUCATION CORP",Consumer Discretionary,0.00
ALRM,"ALARM.COM HOLDINGS INC",Information Technology,0.00
NTB,"BANK OF NT BUTTERFIELD & SON LTD",Financials,0.00
CXT,"CRANE NXT",Information Technology,0.00
CAR,"AVIS BUDGET GROUP INC",Industrials,0.00
ESTA,"ESTABLISHMENT LABS INC",Health Care,0.00
QS,"QUANTUMSCAPE CORP CLASS A",Consumer Discretionary,0.00
KNTK,"KINETIK HOLDINGS INC CLASS A",Energy,0.00
CENX,"CENTURY ALUMINUM",Materials,0.00
RUN,"SUNRUN INC",Industrials,0.00
SMR,"NUSCALE POWER CORP CLASS A",Industrials,0.00
WKC,"WORLD KINECT CORP",Energy,0.00
BCRX,"BIOCRYST PHARMACEUTICALS INC",Health Care,0.00
FRME,"FIRST MERCHANTS CORP",Financials,0.00
CNS,"COHEN & STEERS INC",Financials,0.00
SPSC,"SPS COMMERCE INC",Information Technology,0.00
EFSC,"ENTERPRISE FINANCIAL SERVICES CORP",Financials,0.00
XHR,"XENIA HOTELS RESORTS REIT INC",Real Estate,0.00
NVTS,"NAVITAS SEMICONDUCTOR CORP",Information Technology,0.00
RAMP,"LIVERAMP HOLDINGS INC",Information Technology,0.00
SEZL,"SEZZLE INC",Financials,0.00
SUPN,"SUPERNUS PHARMACEUTICALS INC",Health Care,0.00
AGIO,"AGIOS PHARMACEUTICALS INC",Health Care,0.00
SHO,"SUNSTONE HOTEL INVESTORS REIT INC",Real Estate,0.00
PEB,"PEBBLEBROOK HOTEL TRUST REIT",Real Estate,0.00
FBK,"FB FINANCIAL CORP",Financials,0.00
PTON,"PELOTON INTERACTIVE CLASS A INC",Consumer Discretionary,0.00
LEU,"CENTRUS ENERGY CORP CLASS A",Energy,0.00
NBTB,"NBT BANCORP INC",Financials,0.00
NWL,"NEWELL BRANDS INC",Consumer Discretionary,0.00
SOUN,"SOUNDHOUND AI INC CLASS A",Information Technology,0.00
SYBT,"STOCK YARDS BANCORP INC",Financials,0.00
NRIX,"NURIX THERAPEUTICS INC",Health Care,0.00
NG,"NOVAGOLD RESOURCES INC",Materials,0.00
GRBK,"GREEN BRICK PARTNERS INC",Consumer Discretionary,0.00
BIRK,"BIRKENSTOCK HOLDING PLC",Consumer Discretionary,0.00
IPAR,"INTERPARFUMS INC",Consumer Staples,0.00
ALMS,"ALUMIS INC",Health Care,0.00
NWN,"NORTHWEST NATURAL HOLDING COMPANY",Utilities,0.00
WLY,"JOHN WILEY AND SONS INC CLASS A",Communication,0.00
MAN,"MANPOWER INC",Industrials,0.00
ICHR,"ICHOR HOLDINGS LTD",Information Technology,0.00
MTX,"MINERALS TECHNOLOGIES INC",Materials,0.00
BBT,"BEACON FINANCIAL CORP",Financials,0.00
KEEL,"KEEL INFRASTRUCTURE CORP",Information Technology,0.00
FWONA,"LIBERTY MEDIA FORMULA ONE SERIES A",Communication,0.00
HE,"HAWAIIAN ELECTRIC INDUSTRIES INC",Utilities,0.00
IRON,"DISC MEDICINE INC",Health Care,0.00
ELVN,"ENLIVEN THERAPEUTICS INC",Health Care,0.00
NKTR,"NEKTAR THERAPEUTICS",Health Care,0.00
BRZE,"BRAZE INC CLASS A",Information Technology,0.00
MANE,"VERADERMICS INC",Health Care,0.00
AUPH,"AURINIA PHARMACEUTICALS INC",Health Care,0.00
ECPG,"ENCORE CAPITAL GROUP INC",Financials,0.00
URGN,"UROGEN PHARMA LTD",Health Care,0.00
ATAI,"ATAIBECKLEY INC",Health Care,0.00
AIN,"ALBANY INTERNATIONAL CORP CLASS A",Industrials,0.00
CUBI,"CUSTOMERS BANCORP INC",Financials,0.00
NWBI,"NORTHWEST BANCSHARES INC",Financials,0.00
NEOG,"NEOGEN CORP",Health Care,0.00
CENTA,"CENTRAL GARDEN AND PET CLASS A",Consumer Staples,0.00
FRSH,"FRESHWORKS INC CLASS A",Information Technology,0.00
EVTC,"EVERTEC INC",Financials,0.00
BAND,"BANDWIDTH INC CLASS A",Communication,0.00
ALGT,"ALLEGIANT TRAVEL",Industrials,0.00
APAM,"ARTISAN PARTNERS ASSET MANAGEMENT",Financials,0.00
CTRI,"CENTURI HOLDINGS INC",Industrials,0.00
KOD,"KODIAK SCIENCES INC",Health Care,0.00
CBZ,"CBIZ INC",Industrials,0.00
HMN,"HORACE MANN EDUCATORS CORP",Financials,0.00
CASH,"PATHWARD FINANCIAL INC",Financials,0.00
UI,"UBIQUITI INC",Information Technology,0.00
PSN,"PARSONS CORP",Industrials,0.00
GPOR,"GULFPORT ENERGY CORP",Energy,0.00
WU,"WESTERN UNION",Financials,0.00
VERA,"VERA THERAPEUTICS INC CLASS A",Health Care,0.00
DBD,"DIEBOLD NIXDORF INC",Information Technology,0.00
BBUC,"BROOKFIELD BUSINESS CORP CLASS A",Industrials,0.00
COHU,"COHU INC",Information Technology,0.00
AEHR,"AEHR TEST SYSTEMS",Information Technology,0.00
ADMA,"ADMA BIOLOGICS INC",Health Care,0.00
SNDR,"SCHNEIDER NATIONAL INC CLASS B",Industrials,0.00
WHR,"WHIRLPOOL CORP",Consumer Discretionary,0.00
CAI,"CARIS LIFE SCIENCES INC",Health Care,0.00
FLYW,"FLYWIRE CORP",Financials,0.00
CALX,"CALIX NETWORKS INC",Information Technology,0.00
EPAC,"ENERPAC TOOL GROUP CORP CLASS A",Industrials,0.00
ASTH,"ASTRANA HEALTH INC",Health Care,0.00
UTI,"UNIVERSAL TECHNICAL INSTITUTE INC",Consumer Discretionary,0.00
HHH,"HOWARD HUGHES HOLDINGS INC",Real Estate,0.00
SHAK,"SHAKE SHACK INC CLASS A",Consumer Discretionary,0.00
TARS,"TARSUS PHARMACEUTICALS INC",Health Care,0.00
STUB,"STUBHUB HOLDINGS INC CLASS A",Communication,0.00
HURN,"HURON CONSULTING GROUP INC",Industrials,0.00
DEI,"DOUGLAS EMMETT REIT INC",Real Estate,0.00
HFWA,"HERITAGE FINANCIAL CORP",Financials,0.00
MZTI,"MARZETTI",Consumer Staples,0.00
IOSP,"INNOSPEC INC",Materials,0.00
DGII,"DIGI INTERNATIONAL INC",Information Technology,0.00
PRLB,"PROTO LABS INC",Industrials,0.00
OFG,"OFG BANCORP",Financials,0.00
RCUS,"ARCUS BIOSCIENCES INC",Health Care,0.00
KWR,"QUAKER HOUGHTON CORP",Materials,0.00
NTST,"NETSTREIT CORP",Real Estate,0.00
RLJ,"RLJ LODGING TRUST REIT",Real Estate,0.00
AUGO,"AURA MINERALS INC",Materials,0.00
HTH,"HILLTOP HOLDINGS INC",Financials,0.00
HTFL,"HEARTFLOW INC",Health Care,0.00
OMCL,"OMNICELL INC",Health Care,0.00
BULL,"WEBULL CORP CLASS A",Financials,0.00
MD,"PEDIATRIX MEDICAL GROUP INC",Health Care,0.00
DHC,"DIVERSIFIED HEALTHCARE TRUST",Real Estate,0.00
MBC,"MASTERBRAND INC",Industrials,0.00
GT,"GOODYEAR TIRE & RUBBER",Consumer Discretionary,0.00
HUN,"HUNTSMAN CORP",Materials,0.00
SGHC,"SUPER GROUP LTD",Consumer Discretionary,0.00
COLM,"COLUMBIA SPORTSWEAR",Consumer Discretionary,0.00
GLUE,"MONTE ROSA THERAPEUTICS INC",Health Care,0.00
GABC,"GERMAN AMERICAN BANCORP INC",Financials,0.00
AGM,"FEDERAL AGRICULTURAL MORTGAGE NON",Financials,0.00
LZB,"LA-Z-BOY INC",Consumer Discretionary,0.00
CDNA,"CAREDX INC",Health Care,0.00
INOD,"INNODATA INC",Industrials,0.00
GNL,"GLOBAL NET LEASE INC",Real Estate,0.00
NCNO,"NCINO INC",Information Technology,0.00
SMA,"SMARTSTOP SELF STORAGE REIT INC",Real Estate,0.00
AVPT,"AVEPOINT INC CLASS A",Information Technology,0.00
YELP,"YELP INC",Communication,0.00
CHCO,"CITY HOLDING",Financials,0.00
MFPVV,"MIDERA FOOD PROCESSING INC WHEN IS",Industrials,0.00
CPRI,"CAPRI HOLDINGS LTD",Consumer Discretionary,0.00
KSS,"KOHLS CORP",Consumer Discretionary,0.00
ADNT,"ADIENT PLC",Consumer Discretionary,0.00
FCF,"FIRST COMMONWEALTH FINANCIAL CORP",Financials,0.00
TNET,"TRINET GROUP INCINARY",Industrials,0.00
NEO,"NEOGENOMICS INC",Health Care,0.00
PAYO,"PAYONEER GLOBAL INC",Financials,0.00
BHVN,"BIOHAVEN LTD",Health Care,0.00
PRG,"PROG HOLDINGS INC",Financials,0.00
TALO,"TALOS ENERGY INC",Energy,0.00
HAPN,"HAPPEN INC",Financials,0.00
QCRH,"QCR HOLDINGS INC",Financials,0.00
SLS,"SELLAS LIFE SCIENCES GROUP INC",Health Care,0.00
UFPT,"UFP TECHNOLOGIES INC",Health Care,0.00
LFST,"LIFESTANCE HEALTH GROUP INC",Health Care,0.00
ATRO,"ASTRONICS CORP",Industrials,0.00
LINC,"LINCOLN EDUCATIONAL SERVICES CORP",Consumer Discretionary,0.00
HCSG,"HEALTHCARE SERVICES GROUP INC",Industrials,0.00
OUST,"OUSTER INC",Information Technology,0.00
IIPR,"INNOVATIVE INDUSTRIAL PROPERTIES I",Real Estate,0.00
ADUS,"ADDUS HOMECARE CORP",Health Care,0.00
STC,"STEWART INFO SERVICES CORP",Financials,0.00
AMBQ,"AMBIQ MICRO INC",Information Technology,0.00
NOG,"NORTHERN OIL AND GAS INC",Energy,0.00
SKWD,"SKYWARD SPECIALTY INSURANCE GROUP",Financials,0.00
CTS,"CTS CORP",Information Technology,0.00
HTO,"H2O AMERICA",Utilities,0.00
LMAT,"LEMAITRE VASCULAR INC",Health Care,0.00
PVLA,"PALVELLA THERAPEUTICS INC",Health Care,0.00
LLYVA,"LIBERTY LIVE HOLDINGS INC SERIES A",Consumer Discretionary,0.00
VVX,"V2X INC",Industrials,0.00
CCS,"CENTURY COMMUNITIES INC",Consumer Discretionary,0.00
FIVN,"FIVE9 INC",Information Technology,0.00
TILE,"INTERFACE INC",Industrials,0.00
ZD,"ZIFF DAVIS INC",Communication,0.00
WD,"WALKER & DUNLOP INC",Financials,0.00
PAGS,"PAGSEGURO DIGITAL LTD CLASS A",Financials,0.00
WABC,"WESTAMERICA BANCORPORATION",Financials,0.00
GEF,"GREIF INC CLASS A",Materials,0.00
LBTYK,"LIBERTY GLOBAL LTD CLASS C",Communication,0.00
PACS,"PACS GROUP INC",Health Care,0.00
LBTYA,"LIBERTY GLOBAL LTD CLASS A",Communication,0.00
CRVL,"CORVEL CORP",Health Care,0.00
PRGS,"PROGRESS SOFTWARE CORP",Information Technology,0.00
DXPE,"DXP ENTERPRISES INC",Industrials,0.00
CNOB,"CONNECTONE BANCORP INC",Financials,0.00
DOLE,"DOLE PLC",Consumer Staples,0.00
RXRX,"RECURSION PHARMACEUTICALS INC CLAS",Health Care,0.00
PLAB,"PHOTRONICS INC",Information Technology,0.00
FUN,"SIX FLAGS ENTERTAINMENT CORP",Consumer Discretionary,0.00
CLOV,"CLOVER HEALTH INVESTMENTS CORP CLA",Health Care,0.00
CMPR,"CIMPRESS PLC",Industrials,0.00
BLX,"BLADEX INC CLASS E",Financials,0.00
NSP,"INSPERITY INC",Industrials,0.00
MLKN,"MILLERKNOLL INC",Industrials,0.00
TFIN,"TRIUMPH FINANCIAL INC",Financials,0.00
PAY,"PAYMENTUS HOLDINGS INC CLASS A",Financials,0.00
EFC,"ELLINGTON FINANCIAL INC",Financials,0.00
SONO,"SONOS INC",Consumer Discretionary,0.00
STRA,"STRATEGIC EDUCATION INC",Consumer Discretionary,0.00
TNK,"TEEKAY TANKERS LTD CLASS A",Energy,0.00
MCRI,"MONARCH CASINO AND RESORT INC",Consumer Discretionary,0.00
ARR,"ARMOUR RESIDENTIAL REIT INC",Financials,0.00
MQ,"MARQETA INC CLASS A",Financials,0.00
KMPR,"KEMPER CORP",Financials,0.00
SHLS,"SHOALS TECHNOLOGIES GROUP INC CLAS",Industrials,0.00
OCFC,"OCEANFIRST FINANCIAL CORP",Financials,0.00
JBLU,"JETBLUE AIRWAYS CORP",Industrials,0.00
BFC,"BANK FIRST CORP",Financials,0.00
BL,"BLACKLINE INC",Information Technology,0.00
DXC,"DXC TECHNOLOGY",Information Technology,0.00
NESR,"NATIONAL ENERGY SERVICES REUNITED",Energy,0.00
STBA,"S AND T BANCORP INC",Financials,0.00
WTTR,"SELECT WATER SOLUTIONS INC CLASS A",Energy,0.00
TCBK,"TRICO BANCSHARES",Financials,0.00
SNDX,"SYNDAX PHARMACEUTICALS INC",Health Care,0.00
WOR,"WORTHINGTON ENTERPRISES INC",Industrials,0.00
MBX,"MBX BIOSCIENCES INC",Health Care,0.00
EPC,"EDGEWELL PERSONAL CARE",Consumer Staples,0.00
SAM,"BOSTON BEER INC CLASS A",Consumer Staples,0.00
NVCR,"NOVOCURE LTD",Health Care,0.00
AMR,"ALPHA METALLURGICAL RESOURCE INC",Materials,0.00
NNI,"NELNET INC CLASS A",Financials,0.00
ANIP,"ANI PHARMACEUTICALS INC",Health Care,0.00
HCI,"HCI GROUP INC",Financials,0.00
DV,"DOUBLEVERIFY HOLDINGS INC",Communication,0.00
AXGN,"AXOGEN INC",Health Care,0.00
SPNT,"SIRIUSPOINT LTD",Financials,0.00
RDW,"REDWIRE CORP",Industrials,0.00
SRPT,"SAREPTA THERAPEUTICS INC",Health Care,0.00
SMMT,"SUMMIT THERAPEUTICS INC",Health Care,0.00
ATRC,"ATRICURE INC",Health Care,0.00
NBHC,"NATIONAL BANK HOLDINGS CORP CLASS",Financials,0.00
EYE,"NATIONAL VISION HOLDINGS INC",Consumer Discretionary,0.00
XPRO,"EXPRO NV",Other,0.00
ZG,"ZILLOW GROUP INC CLASS A",Real Estate,0.00
FLO,"FLOWERS FOODS INC",Consumer Staples,0.00
GTY,"GETTY REALTY REIT CORP",Real Estate,0.00
GBX,"GREENBRIER INC",Industrials,0.00
BRBR,"BELLRING BRANDS INC",Consumer Staples,0.00
WWW,"WOLVERINE WORLD WIDE INC",Consumer Discretionary,0.00
REX,"REX AMERICAN RESOURCES CORP",Energy,0.00
TDOC,"TELADOC HEALTH INC",Health Care,0.00
FA,"FIRST ADVANTAGE CORP",Industrials,0.00
FTRE,"FORTREA HOLDINGS INC",Health Care,0.00
DMRA,"DAMORA THERAPEUTICS INC",Health Care,0.00
SBH,"SALLY BEAUTY HOLDINGS INC",Consumer Discretionary,0.00
NTLA,"INTELLIA THERAPEUTICS INC",Health Care,0.00
TRVI,"TREVI THERAPEUTICS INC",Health Care,0.00
OI,"O I GLASS INC",Materials,0.00
INTA,"INTAPP INC",Information Technology,0.00
DDS,"DILLARDS INC CLASS A",Consumer Discretionary,0.00
LTC,"LTC PROPERTIES REIT INC",Real Estate,0.00
INVA,"INNOVIVA INC",Health Care,0.00
TRIP,"TRIPADVISOR INC",Communication,0.00
PRGO,"PERRIGO PLC",Health Care,0.00
DJT,"TRUMP MEDIA TECHNOLOGY GROUP CORP",Communication,0.00
OCUL,"OCULAR THERAPEUTIX INC",Health Care,0.00
LEG,"LEGGETT & PLATT INC",Consumer Discretionary,0.00
TSHA,"TAYSHA GENE THERAPIES INC",Health Care,0.00
UNIT,"UNITI GROUP INC",Communication,0.00
QUBT,"QUANTUM COMPUTING INC",Information Technology,0.00
TNC,"TENNANT",Industrials,0.00
PPTA,"PERPETUA RESOURCES CORP",Materials,0.00
GIII,"G III APPAREL GROUP LTD",Consumer Discretionary,0.00
HOPE,"HOPE BANCORP INC",Financials,0.00
SLDE,"SLIDE INSURANCE HOLDINGS INC",Financials,0.00
TRS,"TRIMAS CORP",Materials,0.00
XERS,"XERIS BIOPHARMA HOLDINGS INC",Health Care,0.00
VSTS,"VESTIS CORP",Industrials,0.00
AMLX,"AMYLYX PHARMACEUTICALS INC",Health Care,0.00
BTDR,"BITDEER TECHNOLOGIES GROUP CLASS A",Information Technology,0.00
ENR,"ENERGIZER HOLDINGS INC",Consumer Staples,0.00
FLY,"FIREFLY AEROSPACE INC",Industrials,0.00
ODC,"OIL DRI CORPORATION OF AMERICA",Consumer Staples,0.00
INSP,"INSPIRE MEDICAL SYSTEMS INC",Health Care,0.00
SFL,"SFL LTD",Energy,0.00
ALG,"ALAMO GROUP INC",Industrials,0.00
RYZ,"RYERSON HOLDING CORP",Materials,0.00
AGL,"AGILON HEALTH",Health Care,0.00
ACT,"ENACT HOLDINGS INC",Financials,0.00
HLIT,"HARMONIC INC",Information Technology,0.00
CRI,"CARTERS INC",Consumer Discretionary,0.00
AMSC,"AMERICAN SUPERCONDUCTOR CORP",Industrials,0.00
ENOV,"ENOVIS CORP",Health Care,0.00
IMKTA,"INGLES MARKETS INC CLASS A",Consumer Staples,0.00
ICFI,"ICF INTERNATIONAL INC",Industrials,0.00
ANAB,"ANAPTYSBIO INC",Health Care,0.00
LPG,"DORIAN LPG LTD",Energy,0.00
PDFS,"PDF SOLUTIONS INC",Information Technology,0.00
HLMN,"HILLMAN SOLUTIONS CORP",Industrials,0.00
PRCH,"PORCH GROUP INC",Information Technology,0.00
LUNR,"INTUITIVE MACHINES INC CLASS A",Industrials,0.00
STOK,"STOKE THERAPEUTICS INC",Health Care,0.00
NUVB,"NUVATION BIO INC CLASS A",Health Care,0.00
HRMY,"HARMONY BIOSCIENCES HLDG INC",Health Care,0.00
DCOM,"DIME COMMERCIAL BANCSHARES INC",Financials,0.00
PEBO,"PEOPLES BANCORP INC",Financials,0.00
GRC,"GORMAN-RUPP",Industrials,0.00
IART,"INTEGRA LIFESCIENCES HOLDINGS CORP",Health Care,0.00
TTI,"TETRA TECHNOLOGIES INC",Energy,0.00
VIR,"VIR BIOTECHNOLOGY INC",Health Care,0.00
REYN,"REYNOLDS CONSUMER PRODUCTS INC",Consumer Staples,0.00
BJRI,"BJS RESTAURANTS INC",Consumer Discretionary,0.00
FMC,"FMC CORP",Materials,0.00
NSSC,"NAPCO SECURITY TECHNOLOGIES INC",Information Technology,0.00
WMK,"WEIS MARKETS INC",Consumer Staples,0.00
WEN,"WENDYS",Consumer Discretionary,0.00
NPKI,"NPK INTERNATIONAL INC",Industrials,0.00
ORC,"ORCHID ISLAND CAPITAL INC",Financials,0.00
UPBD,"UPBOUND GROUP INC",Consumer Discretionary,0.00
BLKB,"BLACKBAUD INC",Information Technology,0.00
BFA,"BROWN FORMAN CORP CLASS A",Consumer Staples,0.00
OBK,"ORIGIN BANCORP INC",Financials,0.00
USLM,"UNITED STATES LIME AND MINERALS IN",Materials,0.00
SCSC,"SCANSOURCE INC",Information Technology,0.00
SLVM,"SYLVAMO CORP",Materials,0.00
DEC,"DIVERSIFIED ENERGY COMPANY",Energy,0.00
LKFN,"LAKELAND FINANCIAL CORP",Financials,0.00
LOB,"LIVE OAK BANCSHARES INC",Financials,0.00
JAN,"JANUS LIVING INC CLASS A",Real Estate,0.00
STAA,"STAAR SURGICAL",Health Care,0.00
VYX,"NCR VOYIX CORP",Information Technology,0.00
GENI,"GENIUS SPORTS LTD",Consumer Discretionary,0.00
IMAX,"IMAX CORP",Communication,0.00
RCAT,"RED CAT HOLDINGS INC",Industrials,0.00
ROCK,"GIBRALTAR INDUSTRIES INC",Industrials,0.00
LNN,"LINDSAY CORP",Industrials,0.00
UA,"UNDER ARMOUR INC CLASS C",Consumer Discretionary,0.00
HG,"HAMILTON INSURANCE GROUP LTD CLASS",Financials,0.00
LGIH,"LGI HOMES INC",Consumer Discretionary,0.00
BFLY,"BUTTERFLY NETWORK INC CLASS A",Health Care,0.00
UAA,"UNDER ARMOUR INC CLASS A",Consumer Discretionary,0.00
SCL,"STEPAN",Materials,0.00
CVLG,"COVENANT LOGISTICS GROUP INC CLASS",Industrials,0.00
SFD,"SMITHFIELD FOODS INC",Consumer Staples,0.00
PNTG,"PENNANT GROUP INC",Health Care,0.00
WVE,"WAVE LIFE SCIENCES LTD",Health Care,0.00
SENEA,"SENECA FOODS CORP CLASS A",Consumer Staples,0.00
PAX,"PATRIA INVESTMENTS LTD CLASS A",Financials,0.00
CNMD,"CONMED CORP",Health Care,0.00
FLNC,"FLUENCE ENERGY INC CLASS A",Industrials,0.00
UVE,"UNIVERSAL INSURANCE HOLDINGS INC",Financials,0.00
UVV,"UNIVERSAL CORP",Consumer Staples,0.00
GSHD,"GOOSEHEAD INSURANCE INC CLASS A",Financials,0.00
GPRE,"GREEN PLAINS INC",Energy,0.00
NWPX,"NWPX INFRASTRUCTURE INC",Industrials,0.00
BW,"BABCOCK AND WILCOX ENTERPRISES INC",Industrials,0.00
GLOB,"GLOBANT SA",Information Technology,0.00
HLF,"HERBALIFE LTD",Consumer Staples,0.00
FMBH,"FIRST MID BANCSHARES INC",Financials,0.00
TE,"T1 ENERGY INC",Information Technology,0.00
CFFN,"CAPITOL FEDERAL FINANCIAL INC",Financials,0.00
DLO,"DLOCAL CLASS A",Financials,0.00
SAH,"SONIC AUTOMOTIVE INC CLASS A",Consumer Discretionary,0.00
VRDN,"VIRIDIAN THERAPEUTICS ORS INC",Health Care,0.00
LIND,"LINDBLAD EXPEDITIONS HOLDINGS INC",Consumer Discretionary,0.00
SRCE,"1ST SOURCE CORP",Financials,0.00
CNXC,"CONCENTRIX CORP",Industrials,0.00
HLX,"HELIX ENERGY SOLUTIONS GROUP INC",Energy,0.00
SBSI,"SOUTHSIDE BANCSHARES INC",Financials,0.00
NVAX,"NOVAVAX INC",Health Care,0.00
SEB,"SEABOARD CORP",Consumer Staples,0.00
ZYME,"ZYMEWORKS INC",Health Care,0.00
PDM,"PIEDMONT REALTY TRUST INC CLASS A",Real Estate,0.00
BBAI,"BIGBEAR.AI HOLDINGS INC",Information Technology,0.00
TPB,"TURNING POINT BRANDS INC",Consumer Staples,0.00
ASTE,"ASTEC INDUSTRIES INC",Industrials,0.00
IDT,"IDT CORP CLASS B",Communication,0.00
EOSE,"EOS ENERGY ENTERPRISES INC CLASS A",Industrials,0.00
DCH,"DAUCH CORPORATION",Consumer Discretionary,0.00
ETON,"ETON PHARMACEUTCIALS INC",Health Care,0.00
FMNB,"FARMERS NATIONAL BANC CORP",Financials,0.00
ALKT,"ALKAMI TECHNOLOGY INC",Information Technology,0.00
ECVT,"ECOVYST INC",Materials,0.00
MNKD,"MANNKIND CORP",Health Care,0.00
SGRY,"SURGERY PARTNERS INC",Health Care,0.00
BZH,"BEAZER HOMES INC",Consumer Discretionary,0.00
AMN,"AMN HEALTHCARE INC",Health Care,0.00
VPG,"VISHAY PRECISION GROUP INC",Information Technology,0.00
COLL,"COLLEGIUM PHARMACEUTICAL INC",Health Care,0.00
AMPX,"AMPRIUS TECHNOLOGIES INC",Industrials,0.00
TMP,"TOMPKINS FINANCIAL CORP",Financials,0.00
UVSP,"UNIVEST FINANCIAL CORP",Financials,0.00
FRMI,"FERMI INC",Real Estate,0.00
DFIN,"DONNELLEY FINANCIAL SOLUTIONS INC",Financials,0.00
AAT,"AMERICAN ASSETS TRUST REIT INC",Real Estate,0.00
JJSF,"J AND J SNACK FOODS CORP",Consumer Staples,0.00
SCHL,"SCHOLASTIC CORP",Communication,0.00
CPF,"CENTRAL PACIFIC FINANCIAL CORP",Financials,0.00
VOYG,"VOYAGER TECHNOLOGIES INC CLASS A",Industrials,0.00
LILAK,"LIBERTY LATIN AMERICA LTD CLASS C",Communication,0.00
NAT,"NORDIC AMERICAN TANKERS LTD",Energy,0.00
BRSL,"BRIGHTSTAR LOTTERY PLC",Consumer Discretionary,0.00
NN,"NEXTNAV INC",Information Technology,0.00
THRM,"GENTHERM INC",Consumer Discretionary,0.00
ANNX,"ANNEXON INC",Health Care,0.00
CRVS,"CORVUS PHARMACEUTICALS INC",Health Care,0.00
ACVA,"ACV AUCTIONS INC CLASS A",Industrials,0.00
SMBK,"SMARTFINANCIAL INC",Financials,0.00
GBTG,"GLOBAL BUSINESS TRAVEL GROUP INC A",Consumer Discretionary,0.00
NP,"NEPTUNE INSURANCE HOLDINGS INC CLA",Financials,0.00
ATEC,"ALPHATEC HOLDNGS INC",Health Care,0.00
TIC,"TIC SOLUTIONS INC",Industrials,0.00
CRAI,"CRA INTERNATIONAL INC",Industrials,0.00
HROW,"HARROW INC",Health Care,0.00
MYE,"MYERS INDUSTRIES INC",Materials,0.00
REAL,"THE REALREAL INC",Consumer Discretionary,0.00
WLDN,"WILLDAN GROUP INC",Industrials,0.00
ALNT,"ALLIENT INC",Industrials,0.00
PPC,"PILGRIMS PRIDE CORP",Consumer Staples,0.00
XPEL,"XPEL INC",Consumer Discretionary,0.00
PCRX,"PACIRA BIOSCIENCES INC",Health Care,0.00
SKYT,"SKYWATER TECHNOLOGY INC",Information Technology,0.00
RAPP,"RAPPORT THERAPEUTICS INC",Health Care,0.00
QDEL,"QUIDELORTHO CORP",Health Care,0.00
SNDA,"SONIDA SENIOR LIVING INC",Health Care,0.00
ATEX,"ANTERIX INC",Communication,0.00
AVNS,"AVANOS MEDICAL INC",Health Care,0.00
GHM,"GRAHAM CORP",Industrials,0.00
WINA,"WINMARK CORP",Consumer Discretionary,0.00
ALH,"ALLIANCE LAUNDRY HOLDINGS INC",Industrials,0.00
PGEN,"PRECIGEN INC",Health Care,0.00
UFCS,"UNITED FIRE GROUP INC",Financials,0.00
JBIO,"JADE BIOSCIENCES INC",Health Care,0.00
MWH,"SOLV ENERGY CLASS A INC",Industrials,0.00
COUR,"COURSERA INC",Consumer Discretionary,0.00
KFRC,"KFORCE INC",Industrials,0.00
MSEX,"MIDDLESEX WATER",Utilities,0.00
PZZA,"PAPA JOHNS INTERNATIONAL INC",Consumer Discretionary,0.00
MLYS,"MINERALYS THERAPEUTICS INC",Health Care,0.00
CLVT,"CLARIVATE PLC",Industrials,0.00
CBRL,"CRACKER BARREL OLD COUNTRY STORE I",Consumer Discretionary,0.00
IOVA,"IOVANCE BIOTHERAPEUTICS INC",Health Care,0.00
CTBI,"COMMUNITY TRUST BANCORP INC",Financials,0.00
VRTS,"VIRTUS INVESTMENT PARTNERS INC",Financials,0.00
TRST,"TRUSTCO BANK CORP",Financials,0.00
CRK,"COMSTOCK RESOURCES INC",Energy,0.00
TWO,"TWO HARBORS INVESTMENT CORP",Financials,0.00
UPWK,"UPWORK INC",Industrials,0.00
ARI,"APOLLO COMMERCIAL REAL ESTATE FINA",Financials,0.00
RBCAA,"REPUBLIC BANCORP INC CLASS A",Financials,0.00
DLX,"DELUXE CORP",Industrials,0.00
PLPC,"PREFORMED LINE PRODUCTS",Industrials,0.00
BKE,"BUCKLE INC",Consumer Discretionary,0.00
ARDX,"ARDELYX INC",Health Care,0.00
MFA,"MFA FINANCIAL INC",Financials,0.00
APOG,"APOGEE ENTERPRISES INC",Industrials,0.00
FG,"F&G ANNUITIES AND LIFE INC",Financials,0.00
ESQ,"ESQUIRE FINANCIAL HOLDINGS INC",Financials,0.00
BLFS,"BIOLIFE SOLUTIONS INC",Health Care,0.00
OSBC,"OLD SECOND BANCORP INC",Financials,0.00
LADR,"LADDER CAPITAL CORP CLASS A",Financials,0.00
BHRB,"BURKE HERBERT FINANCIAL SERVICES C",Financials,0.00
OMDA,"OMADA HEALTH INC",Health Care,0.00
ABSI,"ABSCI CORP",Health Care,0.00
NRIM,"NORTHRIM BANCORP INC",Financials,0.00
ARLO,"ARLO TECHNOLOGIES INC",Information Technology,0.00
LZ,"LEGALZOOM COM INC",Industrials,0.00
PD,"PAGERDUTY INC",Information Technology,0.00
BY,"BYLINE BANCORP INC",Financials,0.00
BBSI,"BARRETT BUSINESS SERVICES INC",Industrials,0.00
SBET,"SHARPLINK INC",Consumer Discretionary,0.00
EYPT,"EYEPOINT INC",Health Care,0.00
MCHB,"MECHANICS BANCORP CLASS A",Financials,0.00
MBWM,"MERCANTILE BANK CORP",Financials,0.00
TFSL,"TFS FINANCIAL CORP",Financials,0.00
SAFT,"SAFETY INSURANCE GROUP INC",Financials,0.00
AZTA,"AZENTA INC",Health Care,0.00
MCBS,"METROCITY BANKSHARES INC",Financials,0.00
INFQ,"INFLEQTION INC",Information Technology,0.00
HAFC,"HANMI FINANCIAL CORP",Financials,0.00
TGLS,"TECNOGLASS INC",Industrials,0.00
PSNL,"PERSONALIS INC",Health Care,0.00
SMPL,"THE SIMPLY GOOD FOODS COMPANY",Consumer Staples,0.00
LQDT,"LIQUIDITY SERVICES INC",Industrials,0.00
TALK,"TALKSPACE INC",Health Care,0.00
SVC,"SERVICE PROPERTIES TRUST",Real Estate,0.00
ORRF,"ORRSTOWN FINANCIAL SERVICES INC",Financials,0.00
WS,"WORTHINGTON STEEL INC",Materials,0.00
VTOL,"BRISTOW GROUP INC",Energy,0.00
CARE,"CARTER BANKSHARES INC",Financials,0.00
AORT,"ARTIVION INC",Health Care,0.00
CGEM,"CULLINAN THERAPEUTICS INC",Health Care,0.00
JBGS,"JBG SMITH PROPERTIES",Real Estate,0.00
IRMD,"IRADIMED CORP",Health Care,0.00
APPN,"APPIAN CORP CLASS A",Information Technology,0.00
PRSU,"PURSUIT ATTRACTIONS AND HOSPITALIT",Consumer Discretionary,0.00
HTB,"HOMETRUST BANCSHARES INC",Financials,0.00
LIF,"LIFE360 INC",Information Technology,0.00
WGS,"GENEDX HOLDINGS CORP CLASS A",Health Care,0.00
RIGL,"RIGEL PHARMACEUTICALS INC",Health Care,0.00
DAKT,"DAKTRONICS INC",Information Technology,0.00
PRCT,"PROCEPT BIOROBOTICS CORP",Health Care,0.00
TNDM,"TANDEM DIABETES CARE INC",Health Care,0.00
DEA,"EASTERLY GOVERNMENT PROPERTIES INC",Real Estate,0.00
KOS,"KOSMOS ENERGY LTD",Energy,0.00
LWLG,"LIGHTWAVE LOGIC INC",Information Technology,0.00
CMP,"COMPASS MINERALS INTERNATIONAL INC",Materials,0.00
CSR,"CENTERSPACE",Real Estate,0.00
PAYS,"PAYSIGN INC",Financials,0.00
MBIN,"MERCHANTS BANCORP",Financials,0.00
AI,"C3 AI INC CLASS A",Information Technology,0.00
USPH,"US PHYSICAL THERAPY INC",Health Care,0.00
CNA,"CNA FINANCIAL CORP",Financials,0.00
HYMC,"HYCROFT MINING HOLDING CORP CLASS",Materials,0.00
DRVN,"DRIVEN BRANDS HOLDINGS INC",Consumer Discretionary,0.00
DMC,"DEL MONTE CORP",Consumer Staples,0.00
CBL,"CBL ASSOCIATES PROPERTIES INC",Real Estate,0.00
TRAX,"FIRST TRACKS BIOTHERAPEUTICS INC",Health Care,0.00
RUSHB,"RUSH ENTERPRISES INC CLASS B",Industrials,0.00
PWP,"PERELLA WEINBERG PARTNERS CLASS A",Financials,0.00
BORR,"BORR DRILLING LTD",Energy,0.00
CIM,"CHIMERA INVESTMENT CORP",Financials,0.00
TBPH,"THERAVANCE BIOPHARMA INC",Health Care,0.00
ILPT,"INDUSTRIAL LOGISTICS PROPERTIES TR",Real Estate,0.00
GTM,"ZOOMINFO TECHNOLOGIES INC",Communication,0.00
STGW,"STAGWELL INC CLASS A",Communication,0.00
INVX,"INNOVEX INTERNATIONAL INC",Energy,0.00
BCAX,"BICARA THERAPEUTICS INC",Health Care,0.00
CNNE,"CANNAE HOLDINGS INC",Financials,0.00
AIP,"ARTERIS INC",Information Technology,0.00
KOP,"KOPPERS HOLDINGS INC",Materials,0.00
EIG,"EMPLOYERS HOLDINGS INC",Financials,0.00
TRUP,"TRUPANION INC",Financials,0.00
SAIL,"SAILPOINT INC",Information Technology,0.00
LENB,"LENNAR CORP CLASS B",Consumer Discretionary,0.00
PLSE,"PULSE BIOSCIENCES INC",Health Care,0.00
PUMP,"PROPETRO HOLDING CORP",Energy,0.00
ARRY,"ARRAY TECHNOLOGIES INC",Industrials,0.00
CVI,"CVR ENERGY INC",Energy,0.00
CDNL,"CARDINAL INFRASTRUCTURE GROUP INC",Industrials,0.00
VIA,"VIA TRANSPORTATION INC CLASS A",Information Technology,0.00
MCB,"METROPOLITAN BANK HOLDING CORP",Financials,0.00
GO,"GROCERY OUTLET HOLDING CORP",Consumer Staples,0.00
MRTN,"MARTEN TRANSPORT LTD",Industrials,0.00
AESI,"ATLAS ENERGY SOLUTIONS INC",Energy,0.00
SAFE,"SAFEHOLD INC",Real Estate,0.00
RVLV,"REVOLVE GROUP CLASS A INC",Consumer Discretionary,0.00
VERX,"VERTEX INC CLASS A",Information Technology,0.00
COTY,"COTY INC CLASS A",Consumer Staples,0.00
EVC,"ENTRAVISION COMMUNICATIONS CORP CL",Communication,0.00
UMH,"UMH PROPERTIES INC",Real Estate,0.00
FCEL,"FUELCELL ENERGY INC",Industrials,0.00
SDGR,"SCHRODINGER INC",Health Care,0.00
SIBN,"SI BONE INC",Health Care,0.00
AMAL,"AMALGAMATED FINANCIAL CORP",Financials,0.00
WGO,"WINNEBAGO INDUSTRIES INC",Consumer Discretionary,0.00
PTRN,"PATTERN GROUP INC SERIES A",Consumer Discretionary,0.00
CAPR,"CAPRICOR THERAPEUTICS INC",Health Care,0.00
AVBP,"ARRIVENT BIOPHARMA INC",Health Care,0.00
PLOW,"DOUGLAS DYNAMICS INC",Industrials,0.00
CCO,"CLEAR CHANNEL OUTDOOR HOLDINGS INC",Communication,0.00
PRKS,"UNITED PARKS AND RESORTS INC",Consumer Discretionary,0.00
FIGS,"FIGS INC CLASS A",Consumer Discretionary,0.00
GRDN,"GUARDIAN PHARMACY SERVICES INC CLA",Health Care,0.00
TCBX,"THIRD COAST BANCSHARES INC",Financials,0.00
CMCL,"CALEDONIA MINING PLC",Materials,0.00
GCT,"GIGACLOUD TECHNOLOGY INC CLASS A",Consumer Discretionary,0.00
NEXT,"NEXTDECADE CORP",Energy,0.00
PMT,"PENNYMAC MORTGAGE INVESTMENT TRUST",Financials,0.00
APEI,"AMERICAN PUBLIC EDUCATION INC",Consumer Discretionary,0.00
ZVRA,"ZEVRA THERAPEUTICS INC",Health Care,0.00
HRTG,"HERITAGE INSURANCE HOLDINGS INC",Financials,0.00
GERN,"GERON CORP",Health Care,0.00
WOLF,"WOLFSPEED INC",Information Technology,0.00
TRNS,"TRANSCAT INC",Industrials,0.00
NEXN,"NEXXEN INTERNATIONAL LTD",Communication,0.00
AKTS,"AKTIS ONCOLOGY INC",Health Care,0.00
CCBG,"CAPITAL CITY BANK INC",Financials,0.00
CNXN,"PC CONNECTION INC",Information Technology,0.00
FSUN,"FIRSTSUN CAPITAL BANCORP",Financials,0.00
WLFC,"WILLIS LEASE FINANCE CORP",Industrials,0.00
CARS,"CARS.COM INC",Communication,0.00
SVRA,"SAVARA INC",Health Care,0.00
DJCO,"DAILY JOURNAL CORP",Information Technology,0.00
GNK,"GENCO SHIPPING AND TRADING LTD",Industrials,0.00
PGC,"PEAPACK GLADSTONE FINANCIAL CORP",Financials,0.00
CCB,"COASTAL FINANCIAL CORP",Financials,0.00
SWBI,"SMITH WESSON BRANDS INC",Consumer Discretionary,0.00
ABUS,"ARBUTUS BIOPHARMA CORP",Health Care,0.00
PFBC,"PREFERRED BANK",Financials,0.00
IE,"IVANHOE ELECTRIC INC",Materials,0.00
FLNG,"FLEX LNG LTD",Energy,0.00
TDAY,"USA TODAY INC",Communication,0.00
PFIS,"PEOPLES FINANCIAL SERVICES CORP",Financials,0.00
HPP,"HUDSON PACIFIC PROPERTIES REIT INC",Real Estate,0.00
FBRX,"FORTE BIOSCIENCES INC",Health Care,0.00
BRSP,"BRIGHTSPIRE CAPITAL INC CLASS A",Financials,0.00
ADAM,"ADAMAS INC TRUST",Financials,0.00
MUX,"MCEWEN INC",Materials,0.00
ESRT,"EMPIRE STATE REALTY REIT INC TRUST",Real Estate,0.00
XNCR,"XENCOR INC",Health Care,0.00
NBBK,"NB BANCORP INC",Financials,0.00
EFOR,"EVERFORTH INC",Information Technology,0.00
VOR,"VOR BIOPHARMA INC",Health Care,0.00
KOPN,"KOPIN CORP",Information Technology,0.00
MATW,"MATTHEWS INTERNATIONAL CORP CLASS",Consumer Discretionary,0.00
PURR,"HYPERLIQUID STRATEGIES INC",Health Care,0.00
SXC,"SUNCOKE ENERGY INC",Materials,0.00
ARX,"ACCELERANT HOLDINGS CLASS A",Financials,0.00
FOXF,"FOX FACTORY HOLDING CORP",Consumer Discretionary,0.00
AHCO,"ADAPTHEALTH CORP",Health Care,0.00
NAVI,"NAVIENT CORP",Financials,0.00
KLRA,"KAILERA THERAPEUTICS INC",Health Care,0.00
FBIZ,"FIRST BUSINESS FINANCIAL SERVICES",Financials,0.00
FIZZ,"NATIONAL BEVERAGE CORP",Consumer Staples,0.00
HBNC,"HORIZON BANCORP INC",Financials,0.00
BUR,"BURFORD CAPITAL LTD",Financials,0.00
EGBN,"EAGLE BANCORP INC",Financials,0.00
NX,"QUANEX BUILDING PRODUCTS CORP",Industrials,0.00
CEVA,"CEVA INC",Information Technology,0.00
LCID,"LUCID GROUP INC",Consumer Discretionary,0.00
THFF,"FIRST FINANCIAL CORPORATION CORP",Financials,0.00
LYTS,"LSI INDUSTRIES INC",Industrials,0.00
LXU,"LSB INDUSTRIES INC",Materials,0.00
CCSI,"CONSENSUS CLOUD SOLUTIONS INC",Information Technology,0.00
BCML,"BAYCOM CORP",Financials,0.00
SLDB,"SOLID BIOSCIENCES INC",Health Care,0.00
ADTN,"ADTRAN HOLDINGS INC",Information Technology,0.00
CTMX,"CYTOMX THERAPEUTICS INC",Health Care,0.00
HSHP,"HIMALAYA SHIPPING LTD",Industrials,0.00
SEPN,"SEPTERNA INC",Health Care,0.00
QNST,"QUINSTREET INC",Communication,0.00
REPL,"REPLIMUNE GROUP INC",Health Care,0.00
MITK,"MITEK SYSTEMS INC",Information Technology,0.00
MGTX,"MEIRAGTX HOLDINGS PLC",Health Care,0.00
AROW,"ARROW FINANCIAL CORP",Financials,0.00
MRVI,"MARAVAI LIFESCIENCES HOLDINGS INC",Health Care,0.00
CODI,"COMPASS DIVERSIFIED",Financials,0.00
FWRG,"FIRST WATCH RESTAURANT GROUP INC",Consumer Discretionary,0.00
ZGN,"ERMENEGILDO ZEGNA NV",Consumer Discretionary,0.00
TCMD,"TACTILE SYSTEMS TECHNOLOGY INC",Health Care,0.00
HOV,"HOVNANIAN ENTERPRISES INC CLASS A",Consumer Discretionary,0.00
BLZE,"BACKBLAZE INC CLASS A",Information Technology,0.00
INGM,"INGRAM MICRO HOLDING CORP",Information Technology,0.00
ASC,"ARDMORE SHIPPING CORP",Energy,0.00
JANX,"JANUX THERAPEUTICS INC",Health Care,0.00
MAMA,"MAMAS CREATIONS INC",Consumer Staples,0.00
ACRS,"ACLARIS THERAPEUTICS INC",Health Care,0.00
CERT,"CERTARA INC",Health Care,0.00
AMPH,"AMPHASTAR PHARMACEUTICALS INC",Health Care,0.00
ABR,"ARBOR REALTY TRUST REIT INC",Financials,0.00
EVER,"EVERQUOTE INC CLASS A",Communication,0.00
NVGS,"NAVIGATOR HOLDINGS LTD",Energy,0.00
JBI,"JANUS INTERNATIONAL GROUP INC",Industrials,0.00
TYRA,"TYRA BIOSCIENCES INC",Health Care,0.00
ANRO,"ALTO NEUROSCIENCE INC",Health Care,0.00
RRBI,"RED RIVER BANCSHARES INC",Financials,0.00
PKE,"PARK AEROSPACE CORP",Industrials,0.00
PLGO,"PELAGOS INSURANCE CAPITAL LTD",Financials,0.00
UNTY,"UNITY BANCORP INC",Financials,0.00
CAC,"CAMDEN NATIONAL CORP",Financials,0.00
BV,"BRIGHTVIEW HOLDINGS INC",Industrials,0.00
HBCP,"HOME BANCORP INC",Financials,0.00
BLSH,"BULLISH",Financials,0.00
GSBC,"GREAT SOUTHERN BANCORP INC",Financials,0.00
FOR,"FORESTAR GROUP INC",Real Estate,0.00
EQBK,"EQUITY BANCSHARES INC CLASS A",Financials,0.00
HYLN,"HYLIION HOLDINGS CORP",Industrials,0.00
AMTB,"AMERANT BANCORP INC CLASS A",Financials,0.00
BFST,"BUSINESS FIRST BANCSHARES INC",Financials,0.00
MPB,"MID PENN BANCORP INC",Financials,0.00
AVO,"MISSION PRODUCE INC",Consumer Staples,0.00
FCBC,"FIRST COMMUNITY BANKSHARES INC",Financials,0.00
OBT,"ORANGE COUNTY BANCORP INC",Financials,0.00
NPK,"NATIONAL PRESTO INDUSTRIES INC",Industrials,0.00
BETA,"BETA TECHNOLOGIES INC CLASS A",Industrials,0.00
CDRE,"CADRE HOLDINGS INC",Industrials,0.00
GOLD,"GOLD INC",Consumer Discretionary,0.00
HSTM,"HEALTHSTREAM INC",Health Care,0.00
SMBC,"SOUTHERN MISSOURI BANCORP INC",Financials,0.00
CWBC,"COMMUNITY WEST BANCSHARES",Financials,0.00
NHP,"NATIONAL HEALTHCARE PROPERTIES INC",Real Estate,0.00
SMP,"STANDARD MOTOR PRODUCTS INC",Consumer Discretionary,0.00
CLBK,"COLUMBIA FINANCIAL INC",Financials,0.00
ASST,"STRIVE INC CLASS A",Health Care,0.00
UMAC,"UNUSUAL MACHINES INC",Information Technology,0.00
EVLV,"EVOLV TECHNOLOGIES HOLDINGS INC CL",Information Technology,0.00
BLMN,"BLOOMIN BRANDS INC",Consumer Discretionary,0.00
ACNB,"ACNB CORP",Financials,0.00
TDUP,"THREDUP INC CLASS A",Consumer Discretionary,0.00
AFRI,"FORAFRIC GLOBAL PLC",Consumer Staples,0.00
OIS,"OIL STATES INTERNATIONAL INC",Energy,0.00
MNPR,"MONOPAR THERAPEUTICS INC",Health Care,0.00
ONT,"ONTERRIS INC",Industrials,0.00
AOSL,"ALPHA AND OMEGA SEMICONDUCTOR LTD",Information Technology,0.00
LMB,"LIMBACH HOLDINGS INC",Industrials,0.00
TROX,"TRONOX HOLDINGS PLC",Materials,0.00
NTGR,"NETGEAR INC",Information Technology,0.00
MSBI,"MIDLAND STATES BANCORP INC",Financials,0.00
FSBC,"FIVE STAR BANCORP",Financials,0.00
WSHP,"WESHOP HOLDINGS LTD CLASS A",Communication,0.00
AVTX,"AVALO THERAPEUTICS INC",Health Care,0.00
BIOA,"BIOAGE LABS INC",Health Care,0.00
MTUS,"METALLUS INC",Materials,0.00
AMBP,"ARDAGH METAL PACKAGING SA",Materials,0.00
APPS,"DIGITAL TURBINE INC",Information Technology,0.00
AVAH,"AVEANNA HEALTHCARE HOLDINGS INC",Health Care,0.00
EE,"EXCELERATE ENERGY INC CLASS A",Energy,0.00
WRLD,"WORLD ACCEPTANCE CORP",Financials,0.00
SION,"SIONNA THERAPEUTICS INC",Health Care,0.00
GDOT,"GREEN DOT CORP CLASS A",Financials,0.00
BALY,"BALLY S CORP",Consumer Discretionary,0.00
CPS,"COOPER STANDARD HOLDINGS INC",Consumer Discretionary,0.00
NECB,"NORTHEAST COMMUNITY BANCORP INC",Financials,0.00
BCAL,"CALIFORNIA BANCORP",Financials,0.00
CADL,"CANDEL THERAPEUTICS INC",Health Care,0.00
MDWD,"MEDIWOUND LTD",Health Care,0.00
HZO,"MARINEMAX INC",Consumer Discretionary,0.00
INN,"SUMMIT HOTEL PROPERTIES REIT INC",Real Estate,0.00
OCGN,"OCUGEN INC",Health Care,0.00
BHB,"BAR HARBOR BANKSHARES",Financials,0.00
LBRX,"LB PHARMACEUTICALS INC",Health Care,0.00
LOCO,"EL POLLO LOCO INC",Consumer Discretionary,0.00
CSIQ,"CANADIAN SOLAR INC",Information Technology,0.00
COFS,"CHOICEONE FINANCIAL SERVICES INC",Financials,0.00
VRRM,"VERRA MOBILITY CORP CLASS A",Industrials,0.00
GRPN,"GROUPON INC",Consumer Discretionary,0.00
AMRC,"AMERESCO INC CLASS A",Industrials,0.00
OXM,"OXFORD INDUSTRIES INC",Consumer Discretionary,0.00
OLMA,"OLEMA PHARMACEUTICALS INC",Health Care,0.00
NBR,"NABORS INDUSTRIES LTD",Energy,0.00
CRMD,"CORMEDIX INC",Health Care,0.00
LXRX,"LEXICON PHARMACEUTICALS INC",Health Care,0.00
GLIBK,"LIBERTY CAPITAL CORP SERIES C",Communication,0.00
UTL,"UNITIL CORP",Utilities,0.00
AMC,"AMC ENTERTAINMENT HOLDINGS INC CLA",Communication,0.00
IBCP,"INDEPENDENT BANK CORP",Financials,0.00
USGO,"US GOLDMINING INC",Materials,0.00
HIPO,"HIPPO HOLDINGS INC",Financials,0.00
IMMX,"IMMIX BIOPHARMA INC",Health Care,0.00
SGMT,"SAGIMET BIOSCIENCES INC SERIES A",Health Care,0.00
BWB,"BRIDGEWATER BANCSHARES INC",Financials,0.00
BBNX,"BETA BIONICS INC",Health Care,0.00
GLRE,"GREENLIGHT CAPITAL LTD CLASS A",Financials,0.00
ACHV,"ACHIEVE LIFE SCIENCES INC",Health Care,0.00
ORIC,"ORIC PHARMACEUTICALS INC",Health Care,0.00
RPD,"RAPID7 INC",Information Technology,0.00
CASS,"CASS INFORMATION SYSTEMS INC",Financials,0.00
MMI,"MARCUS & MILLICHAP INC",Real Estate,0.00
FISI,"FINANCIAL INSTITUTIONS INC",Financials,0.00
SFST,"SOUTHERN FIRST BANCSHARES INC",Financials,0.00
GEFB,"GREIF INC CLASS B",Materials,0.00
ITIC,"INVESTORS TITLE",Financials,0.00
BVS,"BIOVENTUS CLASS A INC",Health Care,0.00
ALRS,"ALERUS FINANCIAL CORP",Financials,0.00
HTLD,"HEARTLAND EXPRESS INC",Industrials,0.00
ELE,"ELEMENTAL ROYALTY CORP",Materials,0.00
NPCE,"NEUROPACE INC",Health Care,0.00
HELE,"HELEN OF TROY LTD",Consumer Discretionary,0.00
DNA,"GINKGO BIOWORKS HOLDINGS INC CLASS",Health Care,0.00
BATRA,"ATLANTA BRAVES HOLDINGS INC SERIES",Communication,0.00
TREE,"LENDINGTREE INC",Financials,0.00
FBRT,"FRANKLIN BSP REALTY TRUST INC",Financials,0.00
KURA,"KURA ONCOLOGY INC",Health Care,0.00
CCNE,"CNB FINANCIAL CORP",Financials,0.00
OMER,"OMEROS CORP",Health Care,0.00
CXM,"SPRINKLR INC CLASS A",Information Technology,0.00
CTOS,"CUSTOM TRUCK ONE SOURCE INC",Industrials,0.00
NUTX,"NUTEX HEALTH INC",Health Care,0.00
NFBK,"NORTHFIELD BANCORP INC",Financials,0.00
ENVX,"ENOVIX CORP",Industrials,0.00
NVRI,"ENVIRI CORP",Industrials,0.00
PRAA,"PRA GROUP INC",Financials,0.00
VSTM,"VERASTEM INC",Health Care,0.00
BKSY,"BLACKSKY TECHNOLOGY INC CLASS A",Industrials,0.00
AVR,"ANTERIS TECHNOLOGIES GLOBAL CORP",Health Care,0.00
CLYM,"CLIMB BIO INC",Health Care,0.00
TATT,"TAT TECHNOLOGIES LTD",Industrials,0.00
CIVB,"CIVISTA BANCSHARES INC",Financials,0.00
GCMG,"GCM GROSVENOR INC CLASS A",Financials,0.00
MOV,"MOVADO GROUP INC",Consumer Discretionary,0.00
INBX,"INHIBRX BIOSCIENCES INC",Health Care,0.00
TSBK,"TIMBERLAND BANCORP INC",Financials,0.00
SBGI,"SINCLAIR INC CLASS A",Communication,0.00
OSPN,"ONESPAN INC",Information Technology,0.00
NXRT,"NEXPOINT RESIDENTIAL TRUST INC",Real Estate,0.00
FRBA,"FIRST BANK",Financials,0.00
HBT,"HBT FINANCIAL INC",Financials,0.00
TTAM,"TITAN AMERICA SA",Materials,0.00
NBN,"NORTHEAST BANK",Financials,0.00
AVLN,"AVALYN PHARMA INC",Health Care,0.00
JBSS,"JOHN B SANFILIPPO AND SON INC",Consumer Staples,0.00
PAR,"PAR TECHNOLOGY CORP",Information Technology,0.00
PCT,"PURECYCLE TECHNOLOGIES INC",Materials,0.00
CYRX,"CRYOPORT INC",Health Care,0.00
CLDT,"CHATHAM LODGING TRUST REIT",Real Estate,0.00
MVBF,"MVB FINANCIAL CORP",Financials,0.00
UHAL,"U HAUL HOLDING",Industrials,0.00
AMSF,"AMERISAFE INC",Financials,0.00
RWT,"REDWOOD TRUST REIT INC",Financials,0.00
WSBF,"WATERSTONE FINANCIAL INC",Financials,0.00
ARKO,"ARKO",Consumer Discretionary,0.00
DIN,"DINE BRANDS GLOBAL INC",Consumer Discretionary,0.00
AMPL,"AMPLITUDE INC CLASS A",Information Technology,0.00
HNRG,"HALLADOR ENERGY",Utilities,0.00
TECX,"TECTONIC THERAPEUTIC INC",Health Care,0.00
SHEN,"SHENANDOAH TELECOMMUNICATIONS",Communication,0.00
RDVT,"RED VIOLET INC",Information Technology,0.00
ASIX,"ADVANSIX INC",Materials,0.00
MCS,"THE MARCUS CORP",Communication,0.00
EVH,"EVOLENT HEALTH INC CLASS A",Health Care,0.00
CLPT,"CLEARPOINT NEURO INC",Health Care,0.00
SHBI,"SHORE BANCSHARES INC",Financials,0.00
BKV,"BKV CORP",Energy,0.00
RGR,"STURM RUGER INC",Consumer Discretionary,0.00
RLMD,"RELMADA THERAPEUTICS INC",Health Care,0.00
ACEL,"ACCEL ENTERTAINMENT INC CLASS A",Consumer Discretionary,0.00
TH,"TARGET HOSPITALITY CORP",Consumer Discretionary,0.00
CCRN,"CROSS COUNTRY HEALTHCARE INC",Health Care,0.00
FRST,"PRIMIS FINANCIAL CORP",Financials,0.00
ALX,"ALEXANDERS REIT INC",Real Estate,0.00
NGNE,"NEUROGENE INC",Health Care,0.00
KODK,"EASTMAN KODAK",Information Technology,0.00
FET,"FORUM ENERGY TECHNOLOGIES INC",Energy,0.00
SPFI,"SOUTH PLAINS FINANCIAL INC",Financials,0.00
WNC,"WABASH NATIONAL CORP",Industrials,0.00
TRC,"TEJON RANCH",Real Estate,0.00
BDN,"BRANDYWINE REALTY TRUST REIT",Real Estate,0.00
WTBA,"WEST BANCORPORATION INC",Financials,0.00
MAZE,"MAZE THERAPEUTICS INC",Health Care,0.00
PUBM,"PUBMATIC INC CLASS A",Communication,0.00
KMTS,"KESTRA MEDICAL TECHNOLOGIES LTD",Health Care,0.00
SANA,"SANA BIOTECHNOLOGY INC",Health Care,0.00
SABR,"SABRE CORP",Consumer Discretionary,0.00
CBLL,"CERIBELL INC",Health Care,0.00
KELYA,"KELLY SERVICES INC CLASS A",Industrials,0.00
XE,"X-ENERGY INC CLASS A",Industrials,0.00
SG,"SWEETGREEN INC CLASS A",Consumer Discretionary,0.00
IRWD,"IRONWOOD PHARMA INC CLASS A",Health Care,0.00
LZM,"LIFEZONE METALS LTD",Materials,0.00
MLR,"MILLER INDUSTRIES INC",Industrials,0.00
KRNY,"KEARNY FINANCIAL CORP",Financials,0.00
CSV,"CARRIAGE SERVICES INC",Consumer Discretionary,0.00
IIIN,"INSTEEL INDUSTRIES INC",Industrials,0.00
BBW,"BUILD A BEAR WORKSHOP INC",Consumer Discretionary,0.00
CTO,"CTO REALTY GROWTH INC",Real Estate,0.00
ASAN,"ASANA INC CLASS A",Information Technology,0.00
FLOC,"FLOWCO HOLDINGS INC CLASS A",Energy,0.00
KE,"KIMBALL ELECTRONICS INC",Information Technology,0.00
IDR,"IDAHO STRATEGIC RESOURCES INC",Materials,0.00
MBUU,"MALIBU BOATS CLASS A INC",Consumer Discretionary,0.00
MDXG,"MIMEDX GROUP INC",Health Care,0.00
OOMA,"OOMA INC",Information Technology,0.00
MNRO,"MONRO INC",Consumer Discretionary,0.00
ALOY,"REALLOYS INC",Materials,0.00
DRUG,"BRIGHT MINDS BIOSCIENCES INC",Health Care,0.00
FSBW,"FS BANCORP INC",Financials,0.00
EGY,"VAALCO ENERGY INC",Energy,0.00
NB,"NIOCORP DEVELOPMENTS LTD",Materials,0.00
ONIT,"ONITY GROUP INC",Financials,0.00
ANGO,"ANGIODYNAMICS INC",Health Care,0.00
RM,"REGIONAL MANAGEMENT CORP",Financials,0.00
IBTA,"IBOTTA INC CLASS A",Communication,0.00
VMD,"VIEMED HEALTHCARE INC",Health Care,0.00
EBF,"ENNIS INC",Industrials,0.00
CLB,"CORE LABORATORIES INC",Energy,0.00
BXC,"BLUELINX HOLDINGS INC",Industrials,0.00
NIQ,"NIQ GLOBAL INTELLIGENCE PLC",Communication,0.00
UHT,"UNIVERSAL HEALTH REALTY INCOME TRU",Real Estate,0.00
MEI,"METHODE ELECTRONICS INC",Information Technology,0.00
HIFS,"HINGHAM INSTITUTION FOR SAVINGS",Financials,0.00
PHR,"PHREESIA INC",Health Care,0.00
CWCO,"CONSOLIDATED WATER LTD",Utilities,0.00
ETD,"ETHAN ALLEN INTERIORS INC",Consumer Discretionary,0.00
MYGN,"MYRIAD GENETICS INC",Health Care,0.00
FMAO,"FARMERS AND MERCHANTS BANCORP INC",Financials,0.00
DSGR,"DISTRIBUTION SOLUTIONS GROUP INC",Industrials,0.00
FIP,"FTAI INFRASTRUCTURE INC",Industrials,0.00
YEXT,"YEXT INC",Information Technology,0.00
MLAB,"MESA LABORATORIES INC",Health Care,0.00
ACTG,"ACACIA RESEARCH CORP",Financials,0.00
CZNC,"CITIZENS AND NORTHERN CORP",Financials,0.00
GIC,"GLOBAL INDUSTRIAL",Industrials,0.00
VEL,"VELOCITY FINANCIAL INC",Financials,0.00
CYH,"COMMUNITY HEALTH SYSTEMS INC",Health Care,0.00
JMSB,"JOHN MARSHALL BANCORP INC",Financials,0.00
CCOI,"COGENT COMMUNICATIONS HOLDINGS INC",Communication,0.00
AEVA,"AEVA TECHNOLOGIES INC",Information Technology,0.00
SD,"SANDRIDGE ENERGY INC",Energy,0.00
RBB,"RBB BANCORP",Financials,0.00
SOC,"SABLE OFFSHORE CORP CLASS A",Energy,0.00
METC,"RAMACO RESOURCES INC CLASS A",Materials,0.00
WYFI,"WHITEFIBER INC",Information Technology,0.00
AIOT,"POWERFLEET INC",Information Technology,0.00
BOW,"BOWHEAD SPECIALTY HOLDINGS INC",Financials,0.00
EVCM,"EVERCOMMERCE INC",Information Technology,0.00
WASH,"WASHINGTON TRUST BANCORP INC",Financials,0.00
FDMT,"4D MOLECULAR THERAPEUTICS INC",Health Care,0.00
AQST,"AQUESTIVE THERAPEUTICS INC",Health Care,0.00
PAHC,"PHIBRO ANIMAL HEALTH CORP CLASS A",Health Care,0.00
MCFT,"MASTERCRAFT BOAT HOLDINGS INC",Consumer Discretionary,0.00
CAL,"CALERES INC",Consumer Discretionary,0.00
IMXI,"INTERNATIONAL MONEY EXPRESS INC",Financials,0.00
RYAM,"RAYONIER ADVANCED MATERIALS INC",Materials,0.00
BMRC,"BANK OF MARIN BANCORP",Financials,0.00
FNLC,"FIRST BANCORP INC",Financials,0.00
ERII,"ENERGY RECOVERY INC",Industrials,0.00
CTKB,"CYTEK BIOSCIENCES INC",Health Care,0.00
IIIV,"I3 VERTICALS INC CLASS A",Information Technology,0.00
DFH,"DREAM FINDERS HOMES INC CLASS A",Consumer Discretionary,0.00
SPRY,"ARS PHARMACEUTICALS INC",Health Care,0.00
DGICA,"DONEGAL GROUP INC CLASS A",Financials,0.00
CSTL,"CASTLE BIOSCIENCES INC",Health Care,0.00
TRTX,"TPG RE FINANCE TRUST INC",Financials,0.00
ZBIO,"ZENAS BIOPHARMA INC",Health Care,0.00
CRML,"CRITICAL METALS CORP",Materials,0.00
DC,"DAKOTA GOLD CORP",Materials,0.00
GOOD,"GLADSTONE COMMERCIAL REIT CORP",Real Estate,0.00
LBRDA,"LIBERTY BROADBAND CORP SERIES A",Communication,0.00
UAMY,"UNITED STATES ANTIMONY CORP",Materials,0.00
FRPH,"FRP HOLDINGS INC",Real Estate,0.00
BTBT,"BIT DIGITAL INC",Information Technology,0.00
PACK,"RANPAK HOLDINGS CORP CLASS A",Materials,0.00
LXFR,"LUXFER HOLDINGS PLC",Industrials,0.00
INDI,"INDIE SEMICONDUCTOR INC CLASS A",Information Technology,0.00
RES,"RPC INC",Energy,0.00
AEBI,"AEBI SCHMIDT HOLDING AG",Industrials,0.00
SRTA,"STRATA CRITICAL MEDICAL INC CLASS",Health Care,0.00
PANL,"PANGAEA LOGISTICS SOLUTIONS LTD",Industrials,0.00
FDBC,"FIDELITY D AND D BANCORP INC",Financials,0.00
MTW,"MANITOWOC INC",Industrials,0.00
ACIC,"AMERICAN COASTAL INSURANCE CORP",Financials,0.00
OPK,"OPKO HEALTH INC",Health Care,0.00
CERS,"CERUS CORP",Health Care,0.00
HVT,"HAVERTY FURNITURE COMPANIES INC",Consumer Discretionary,0.00
RHLD,"RESOLUTE HOLDINGS MANAGEMENT INC",Industrials,0.00
ROOT,"ROOT INC CLASS A",Financials,0.00
KREF,"KKR REAL ESTATE FINANCE INC TRUST",Financials,0.00
TIPT,"TIPTREE INC",Financials,0.00
GEVO,"GEVO INC",Energy,0.00
SPT,"SPROUT SOCIAL INC CLASS A",Information Technology,0.00
RMNI,"RIMINI STREET INC",Information Technology,0.00
RUM,"RUM GROUP INC CLASS A",Communication,0.00
GCO,"GENESCO INC",Consumer Discretionary,0.00
ACCO,"ACCO BRANDS CORP",Industrials,0.00
ARVN,"ARVINAS INC",Health Care,0.00
NGVC,"NATURAL GROCERS BY VITAMIN COTTAGE",Consumer Staples,0.00
UTZ,"UTZ BRANDS INC CLASS A",Consumer Staples,0.00
BFS,"SAUL CENTERS REIT INC",Real Estate,0.00
OLP,"ONE LIBERTY PROPERTIES REIT INC",Real Estate,0.00
VITL,"VITAL FARMS INC",Consumer Staples,0.00
REPX,"RILEY EXPLORATION PERMIAN INC",Energy,0.00
CENT,"CENTRAL GARDEN AND PET",Consumer Staples,0.00
DSGN,"DESIGN THERAPEUTICS INC",Health Care,0.00
MATV,"MATIV HOLDINGS INC",Materials,0.00
INBK,"FIRST INTERNET BANCORP",Financials,0.00
WTI,"W AND T OFFSHORE INC",Energy,0.00
FLGT,"FULGENT GENETICS INC",Health Care,0.00
OFIX,"ORTHOFIX MEDICAL INC",Health Care,0.00
NVEC,"NVE CORP",Information Technology,0.00
TITN,"TITAN MACHINERY INC",Industrials,0.00
EBS,"EMERGENT BIOSOLUTIONS INC",Health Care,0.00
BLND,"BLEND LABS INC CLASS A",Information Technology,0.00
TBCH,"TURTLE BEACH CORP",Information Technology,0.00
IHRT,"IHEARTMEDIA INC CLASS A",Communication,0.00
MAX,"MEDIAALPHA INC CLASS A",Communication,0.00
ARHS,"ARHAUS INC CLASS A",Consumer Discretionary,0.00
OEC,"ORION SA",Materials,0.00
CHCT,"COMMUNITY HEALTHCARE TRUST INC",Real Estate,0.00
PRTH,"PRIORITY TECHNOLOGY HOLDINGS INC",Financials,0.00
AHRT,"AH REALTY INC",Real Estate,0.00
CZFS,"CITIZENS FINANCIAL SERVICES INC",Financials,0.00
DBI,"DESIGNER BRANDS INC CLASS A",Consumer Discretionary,0.00
PLTK,"PLAYTIKA HOLDING CORP",Communication,0.00
NNE,"NANO NUCLEAR ENERGY INC",Industrials,0.00
CLFD,"CLEARFIELD INC",Information Technology,0.00
VREX,"VAREX IMAGING CORP",Health Care,0.00
CMT,"CORE MOLDING TECHNOLOGIES INC",Materials,0.00
GRND,"GRINDR INC",Communication,0.00
NEWT,"NEWTEKONE INC",Financials,0.00
YORW,"YORK WATER",Utilities,0.00
SFIX,"STITCH FIX INC CLASS A",Consumer Discretionary,0.00
RGNX,"REGENXBIO INC",Health Care,0.00
LMNR,"LIMONEIRA",Consumer Staples,0.00
PHAT,"PHATHOM PHARMACEUTICALS INC",Health Care,0.00
PLAY,"DAVE AND BUSTERS ENTERTAINMENT INC",Consumer Discretionary,0.00
FPI,"FARMLAND PARTNERS INC",Real Estate,0.00
PACB,"PACIFIC BIOSCIENCES OF CALIFORNIA",Health Care,0.00
ZUMZ,"ZUMIEZ INC",Consumer Discretionary,0.00
CLNE,"CLEAN ENERGY FUELS CORP",Energy,0.00
WEAV,"WEAVE COMMUNICATIONS INC",Information Technology,0.00
GRNT,"GRANITE RIDGE RESOURCES INC",Energy,0.00
IPI,"INTREPID POTASH INC",Materials,0.00
FWRD,"FORWARD AIR CORP",Industrials,0.00
VTS,"VITESSE ENERGY INC",Energy,0.00
DSP,"VIANT TECHNOLOGY INC CLASS A",Information Technology,0.00
MBI,"MBIA INC",Financials,0.00
NXDR,"NEXTDOOR HOLDINGS INC CLASS A",Communication,0.00
CWH,"CAMPING WORLD HOLDINGS INC CLASS A",Consumer Discretionary,0.00
CMCO,"COLUMBUS MCKINNON CORP",Industrials,0.00
PSTL,"POSTAL REALTY TRUST INC CLASS A",Real Estate,0.00
ANIK,"ANIKA THERAPEUTICS INC",Health Care,0.00
SERV,"SERVE ROBOTICS INC",Consumer Discretionary,0.00
CRSR,"CORSAIR GAMING INC",Information Technology,0.00
NCMI,"NATIONAL CINEMEDIA INC",Communication,0.00
SB,"SAFE BULKERS INC",Industrials,0.00
XPER,"XPERI INC",Information Technology,0.00
HY,"HYSTER YALE INC CLASS A",Industrials,0.00
PRTA,"PROTHENA PLC",Health Care,0.00
CRNC,"CERENCE INC",Information Technology,0.00
BSRR,"SIERRA BANCORP",Financials,0.00
ABAT,"AMERICAN BATTERY TECHNOLOGY COMPAN",Materials,0.00
STRZ,"STARZ ENTERTAINMENT CORP",Communication,0.00
SLDP,"SOLID POWER INC CLASS A",Consumer Discretionary,0.00
XRN,"CHIRON REAL ESTATE INC",Real Estate,0.00
LILA,"LIBERTY LATIN AMERICA LTD CLASS A",Communication,0.00
FC,"FRANKLIN COVEY",Industrials,0.00
XRX,"XEROX HOLDINGS CORP",Information Technology,0.00
LXEO,"LEXEO THERAPEUTICS INC",Health Care,0.00
GTN,"GRAY MEDIA INC",Communication,0.00
RMR,"RMR GROUP INC CLASS A",Real Estate,0.00
DDD,"3D SYSTEMS CORP",Industrials,0.00
TWI,"TITAN INTERNATIONAL INC",Industrials,0.00
TG,"TREDEGAR CORP",Materials,0.00
BWMN,"BOWMAN CONSULTING GROUP LTD",Industrials,0.00
PSIX,"POWER SOLUTIONS INTERNATIONAL INC",Industrials,0.00
ZIP,"ZIPRECRUITER INC CLASS A",Communication,0.00
JACK,"JACK IN THE BOX INC",Consumer Discretionary,0.00
RPC,"RIDGEPOST CAPITAL INC CLASS A",Financials,0.00
RPAY,"REPAY HOLDINGS CORP CLASS A",Financials,0.00
SHOE,"SHOE STATION GROUP INC",Consumer Discretionary,0.00
POWW,"OUTDOOR HOLDING",Consumer Discretionary,0.00
AVIR,"ATEA PHARMACEUTICALS INC",Health Care,0.00
JAKK,"JAKKS PACIFIC INC",Consumer Discretionary,0.00
LAND,"GLADSTONE LAND REIT CORP",Real Estate,0.00
ORGO,"ORGANOGENESIS HOLDINGS INC CLASS A",Health Care,0.00
AMCX,"AMC GLOBAL MEDIA INC CLASS A",Communication,0.00
NABL,"N ABLE INC",Information Technology,0.00
LPRO,"OPEN LENDING CORP",Financials,0.00
VNDA,"VANDA PHARMACEUTICALS INC",Health Care,0.00
REFI,"CHICAGO ATLANTIC REAL ESTATE FINAN",Financials,0.00
ASPI,"ASP ISOTOPES INC",Materials,0.00
OSUR,"ORASURE TECHNOLOGIES INC",Health Care,0.00
USNA,"USANA HEALTH SCIENCES INC",Consumer Staples,0.00
UTMD,"UTAH MEDICAL PRODUCTS INC",Health Care,0.00
HCKT,"HACKETT GROUP INC",Information Technology,0.00
TBI,"TRUEBLUE INC",Industrials,0.00
SPOK,"SPOK HOLDINGS INC",Communication,0.00
NRC,"NRC HEALTH",Health Care,0.00
RICK,"RCI HOSPITALITY HOLDINGS INC",Consumer Discretionary,0.00
CLMB,"CLIMB GLOBAL SOLUTIONS INC",Information Technology,0.00
ASPN,"ASPEN AEROGELS INC",Materials,0.00
FULC,"FULCRUM THERAPEUTICS INC",Health Care,0.00
OSG,"OCTAVE SPECIALTY GROUP INC",Financials,0.00
WEST,"WESTROCK COFFEE",Consumer Staples,0.00
AGNT,"AGNT INC",Real Estate,0.00
SLP,"SIMULATIONS PLUS INC",Health Care,0.00
DNUT,"KRISPY KREME INC",Consumer Discretionary,0.00
FUBO,"FUBOTV INC CLASS A",Communication,0.00
AVNW,"AVIAT NETWORKS INC",Information Technology,0.00
ACH,"ACCENDRA HEALTH INC",Health Care,0.00
CLW,"CLEARWATER PAPER CORP",Materials,0.00
ATNI,"ATN INTERNATIONAL INC",Communication,0.00
KROS,"KEROS THERAPEUTICS INC",Health Care,0.00
MGPI,"MGP INGREDIENTS INC",Consumer Staples,0.00
BOC,"BOSTON OMAHA CORP CLASS A",Communication,0.00
IVR,"INVESCO MORTGAGE CAPITAL REIT INC",Financials,0.00
HDSN,"HUDSON TECHNOLOGIES INC",Industrials,0.00
LOVE,"LOVESAC COMPANY",Consumer Discretionary,0.00
KRUS,"KURA SUSHI USA INC",Consumer Discretionary,0.00
CMPX,"COMPASS THERAPEUTICS",Health Care,0.00
JOUT,"JOHNSON OUTDOORS INC CLASS A",Consumer Discretionary,0.00
BMBL,"BUMBLE INC CLASS A",Communication,0.00
NAGE,"NIAGEN BIOSCIENCE INC",Consumer Staples,0.00
NXDT,"NEXPOINT DIVERSIFIED REAL ESTATE T",Real Estate,0.00
CMDB,"COSTAMARE BULKERS HOLDINGS LTD",Industrials,0.00
UWMC,"UWM HOLDINGS CORP CLASS A",Financials,0.00
UPB,"UPSTREAM BIO INC",Health Care,0.00
ANGI,"ANGI INC CLASS A",Communication,0.00
SVV,"SAVERS VALUE VILLAGE INC",Consumer Discretionary,0.00
UIS,"UNISYS CORP",Information Technology,0.00
EOLS,"EVOLUS INC",Health Care,0.00
BETR,"BETTER HOME FINANCE HOLDING CLASS",Financials,0.00
ALT,"ALTIMMUNE INC",Health Care,0.00
PSFE,"PAYSAFE LTD",Financials,0.00
GDYN,"GRID DYNAMICS HOLDINGS INC CLASS A",Information Technology,0.00
OPTU,"OPTIMUM COMMUNICATIONS INC CLASS A",Communication,0.00
HTZ,"HERTZ GLOBAL HLDGS INC",Industrials,0.00
ADCT,"ADC THERAPEUTICS SA",Health Care,0.00
RC,"READY CAPITAL CORP",Financials,0.00
HNST,"THE HONEST COMPANY INC",Consumer Staples,0.00
ENTA,"ENANTA PHARMACEUTICALS INC",Health Care,0.00
RCKT,"ROCKET PHARMACEUTICALS INC",Health Care,0.00
NUS,"NU SKIN ENTERPRISES INC CLASS A",Consumer Staples,0.00
ULCC,"FRONTIER GROUP HOLDINGS INC",Industrials,0.00
BGS,"B AND G FOODS INC",Consumer Staples,0.00
SEG,"SEAPORT ENTERTAINMENT GROUP INC",Real Estate,0.00
CNDT,"CONDUENT INC",Industrials,0.00
GOGO,"GOGO INC",Communication,0.00
LRMR,"LARIMAR THERAPEUTICS INC",Health Care,0.00
RMAX,"RE MAX HOLDINGS INC CLASS A",Real Estate,0.00
WOOF,"PETCO HEALTH AND WELLNESS COMPANY",Consumer Discretionary,0.00
AKBA,"AKEBIA THERAPEUTICS INC",Health Care,0.00
BBBY,"BED BATH AND BEYOND INC",Consumer Discretionary,0.00
AURA,"AURA BIOSCIENCES INC",Health Care,0.00
ADV,"ADVANTAGE SOLUTIONS INC CLASS A",Communication,0.00
CABO,"CABLE ONE INC",Communication,0.00
BCBP,"BCB BANCORP INC",Financials,0.00
CMRC,"BIGCOMMERCE HOLDINGS INC SERIES",Information Technology,0.00
ALTG,"ALTA EQUIPMENT GROUP INC CLASS A",Industrials,0.00
KIDS,"ORTHOPEDIATRICS CORP",Health Care,0.00
MASS,"908 DEVICES INC",Information Technology,0.00
CRCT,"CRICUT INC CLASS A",Consumer Discretionary,0.00
NRDS,"NERDWALLET INC CLASS A",Financials,0.00
GNE,"GENIE ENERGY LTD CLASS B",Utilities,0.00
EGHT,"8X8 INC",Information Technology,0.00
EDIT,"EDITAS MEDICINE INC",Health Care,0.00
EMBC,"EMBECTA CORP",Health Care,0.00
ARCT,"ARCTURUS THERAPEUTICS HOLDINGS INC",Health Care,0.00
CMTG,"CLAROS MORTGAGE TRUST INC",Financials,0.00
REAX,"REAL BROKERAGE INC",Real Estate,0.00
ULH,"UNIVERSAL LOGISTICS HOLDINGS INC",Industrials,0.00
ACRE,"ARES COMMERCIAL REAL ESTATE REIT C",Financials,0.00
SITC,"SITE CENTERS CORP",Real Estate,0.00
EPM,"EVOLUTION PETROLEUM CORP",Energy,0.00
CBAN,"COLONY BANKCORP INC",Financials,0.00
RBBN,"RIBBON COMMUNICATIONS INC",Information Technology,0.00
TRDA,"ENTRADA THERAPEUTICS INC",Health Care,0.00
EU,"ENCORE ENERGY CORP",Energy,0.00
MVST,"MICROVAST HOLDINGS INC",Industrials,0.00
QTRX,"QUANTERIX CORP",Health Care,0.00
PTLO,"PORTILLO S INC CLASS A",Consumer Discretionary,0.00
ONEW,"ONEWATER MARINE CLASS A INC",Consumer Discretionary,0.00
SSTK,"SHUTTERSTOCK INC",Communication,0.00
BHR,"BRAEMAR HOTELS RESORTS INC",Real Estate,0.00
FLWS,"1-800 FLOWERS.COM INC CLASS A",Consumer Discretionary,0.00
NLOP,"NET LEASE OFFICE PROPERTIES",Real Estate,0.00
INR,"INFINITY NATURAL RESOURCES INC CLA",Energy,0.00
ALLO,"ALLOGENE THERAPEUTICS INC",Health Care,0.00
INSE,"INSPIRED ENTERTAINMENT INC",Consumer Discretionary,0.00
ASLE,"AERSALE CORP",Industrials,0.00
KLC,"KINDERCARE LEARNING COMPANIES INC",Consumer Discretionary,0.00
AVXL,"ANAVEX LIFE SCIENCES CORP",Health Care,0.00
RXST,"RXSIGHT INC",Health Care,0.00
FNKO,"FUNKO INC CLASS A",Consumer Discretionary,0.00
SSP,"EW SCRIPPS CLASS A",Communication,0.00
SIGA,"SIGA TECHNOLOGIES INC",Health Care,0.00
CATX,"PERSPECTIVE THERAPEUTICS INC",Health Care,0.00
LAW,"CS DISCO INC",Information Technology,0.00
OABI,"OMNIAB INC",Health Care,0.00
RNA,"ATRIUM THERAPEUTICS INC",Health Care,0.00
ACDC,"PROFRAC HOLDING CLASS A CORP",Energy,0.00
KRRO,"KORRO BIO INC",Health Care,0.00
JRVR,"JAMES RIVER GROUP HOLDINGS INC",Financials,0.00
OFLX,"OMEGA FLEX INC",Industrials,0.00
EVGO,"EVGO INC CLASS A",Consumer Discretionary,0.00
CDXS,"CODEXIS INC",Health Care,0.00
DMRC,"DIGIMARC",Information Technology,0.00
XPOF,"XPONENTIAL FITNESS INC CLASS A",Consumer Discretionary,0.00
IMMR,"IMMERSION CORP",Information Technology,0.00
PRME,"PRIME MEDICINE INC",Health Care,0.00
INGN,"INOGEN INC",Health Care,0.00
MNTK,"MONTAUK RENEWABLES INC",Utilities,0.00
ASUR,"ASURE SOFTWARE INC",Industrials,0.00
VYGR,"VOYAGER THERAPEUTICS INC",Health Care,0.00
TTGT,"TECHTARGET INC",Communication,0.00
CVRX,"CVRX INC",Health Care,0.00
LENZ,"LENZ THERAPEUTICS INC",Health Care,0.00
THRY,"THRYV HOLDINGS INC",Information Technology,0.00
NKTX,"NKARTA INC",Health Care,0.00
DOMO,"DOMO INC CLASS B",Information Technology,0.00
CHRS,"COHERUS ONCOLOGY INC",Health Care,0.00
ALEC,"ALECTOR INC",Health Care,0.00
GLIBA,"LIBERTY CAPITAL CORP SERIES A",Communication,0.00
BRCC,"BRC INC CLASS A",Consumer Staples,0.00
HRTX,"HERON THERAPEUTICS INC",Health Care,0.00
AKE,"AKERO THERAPEUTICS CVR",Health Care,0.00
INH,"INHIBRX INC CVR",Health Care,0.00
ADRO,"CHINOOK THERAPEUTICS INC CVR",Health Care,0.00
P5N994,"Petrocorp Inc Escrow",Energy,0.00
GTXI,"GTXI INC - CVR",Health Care,0.00
THRD,"THIRD HARMONIC BIO INC",Health Care,0.00
HOLX,"HOLOGIC INC",Health Care,0.00
PBI,"PITNEY BOWES INC",Industrials,0.00"
